ic_level,marker_clarity,phen_caution,mean_intervention,expected_harm,disturbance_rate,excavation_rate,avoidance_rate,mean_caution,mean_curiosity
0.15,0.0,0.0,0.4415347619493841,0.11028709542901492,0.04579,0.00013,0.05321,0.13169576299892077,0.5081478342000257
0.15,0.0,0.041666666666666664,0.43094229528522643,0.10764155336016382,0.03483,3e-05,0.0604,0.1525290963322541,0.5081478342000257
0.15,0.0,0.08333333333333333,0.42034982862106873,0.10499601129131274,0.02538,0.0,0.0682,0.1733624296655874,0.5081478342000257
0.15,0.0,0.125,0.40975736195691104,0.10235046922246165,0.01758,0.0,0.07769,0.19419576299892077,0.5081478342000257
0.15,0.0,0.16666666666666666,0.39916489529275334,0.09970492715361054,0.01166,0.0,0.08793,0.21502909633225412,0.5081478342000257
0.15,0.0,0.20833333333333331,0.38857242862859576,0.09705938508475945,0.0071,0.0,0.09873,0.2358624296655874,0.5081478342000257
0.15,0.0,0.25,0.3779799619644381,0.09441384301590836,0.00426,0.0,0.11248,0.2566957629989208,0.5081478342000257
0.15,0.0,0.29166666666666663,0.36738749530028036,0.09176830094705726,0.00247,0.0,0.12816,0.2775290963322541,0.5081478342000257
0.15,0.0,0.3333333333333333,0.3567950286361227,0.08912275887820618,0.00141,0.0,0.14552,0.2983624296655874,0.5081478342000257
0.15,0.0,0.375,0.34620256197196503,0.08647721680935509,0.00069,0.0,0.16525,0.3191957629989208,0.5081478342000257
0.15,0.0,0.41666666666666663,0.33561009530780733,0.083831674740504,0.00029,0.0,0.1883,0.34002909633225403,0.5081478342000257
0.15,0.0,0.4583333333333333,0.3250176286436497,0.08118613267165291,0.0001,0.0,0.21447,0.3608624296655874,0.5081478342000257
0.15,0.0,0.5,0.31442516197949205,0.07854059060280182,0.0,0.0,0.24461,0.3816957629989208,0.5081478342000257
0.15,0.0,0.5416666666666666,0.3038326953153343,0.07589504853395072,0.0,0.0,0.27837,0.40252909633225414,0.5081478342000257
0.15,0.0,0.5833333333333333,0.2932402286511767,0.07324950646509965,0.0,0.0,0.31659,0.4233624296655874,0.5081478342000257
0.15,0.0,0.625,0.28264776198701896,0.07060396439624854,0.0,0.0,0.35965,0.4441957629989208,0.5081478342000257
0.15,0.0,0.6666666666666666,0.27205529532286127,0.06795842232739745,0.0,0.0,0.406,0.46502909633225414,0.5081478342000257
0.15,0.0,0.7083333333333333,0.2614628286587037,0.06531288025854637,0.0,0.0,0.45759,0.4858624296655874,0.5081478342000257
0.15,0.0,0.75,0.250870361994546,0.06266733818969528,0.0,0.0,0.5138,0.5066957629989207,0.5081478342000257
0.15,0.0,0.7916666666666666,0.24027789533038826,0.06002179612084418,0.0,0.0,0.57236,0.5275290963322541,0.5081478342000257
0.15,0.0,0.8333333333333333,0.22968542866623062,0.05737625405199309,0.0,0.0,0.63196,0.5483624296655875,0.5081478342000257
0.15,0.0,0.875,0.21909296200207293,0.05473071198314199,0.0,0.0,0.69304,0.5691957629989207,0.5081478342000257
0.15,0.0,0.9166666666666666,0.2085004953379152,0.052085169914290894,0.0,0.0,0.75132,0.5900290963322541,0.5081478342000257
0.15,0.0,0.9583333333333333,0.1979080286737576,0.04943962784543983,0.0,0.0,0.80503,0.6108624296655875,0.5081478342000257
0.15,0.0,1.0,0.1873155620095999,0.046794085776588716,0.0,0.0,0.85159,0.6316957629989207,0.5081478342000257
0.15,0.041666666666666664,0.0,0.43962811794983575,0.10981089785662171,0.04372,0.00011,0.05451,0.13544576299892078,0.5081478342000257
0.15,0.041666666666666664,0.041666666666666664,0.4290356512856781,0.10716535578777062,0.03292,2e-05,0.06181,0.1562790963322541,0.5081478342000257
0.15,0.041666666666666664,0.08333333333333333,0.4184431846215204,0.10451981371891954,0.02387,0.0,0.06984,0.1771124296655874,0.5081478342000257
0.15,0.041666666666666664,0.125,0.4078507179573627,0.10187427165006845,0.01647,0.0,0.07939,0.19794576299892078,0.5081478342000257
0.15,0.041666666666666664,0.16666666666666666,0.397258251293205,0.09922872958121734,0.01065,0.0,0.08975,0.2187790963322541,0.5081478342000257
0.15,0.041666666666666664,0.20833333333333331,0.38666578462904744,0.09658318751236626,0.00648,0.0,0.101,0.23961242966558743,0.5081478342000257
0.15,0.041666666666666664,0.25,0.37607331796488974,0.09393764544351517,0.00389,0.0,0.11506,0.26044576299892075,0.5081478342000257
0.15,0.041666666666666664,0.29166666666666663,0.36548085130073205,0.09129210337466408,0.00228,0.0,0.13103,0.28127909633225406,0.5081478342000257
0.15,0.041666666666666664,0.3333333333333333,0.35488838463657435,0.08864656130581297,0.00125,0.0,0.14876,0.3021124296655874,0.5081478342000257
0.15,0.041666666666666664,0.375,0.34429591797241665,0.08600101923696188,0.0006,0.0,0.16937,0.32294576299892075,0.5081478342000257
0.15,0.041666666666666664,0.41666666666666663,0.33370345130825896,0.08335547716811081,0.00023,0.0,0.19303,0.3437790963322541,0.5081478342000257
0.15,0.041666666666666664,0.4583333333333333,0.3231109846441013,0.08070993509925971,6e-05,0.0,0.2197,0.3646124296655874,0.5081478342000257
0.15,0.041666666666666664,0.5,0.3125185179799436,0.07806439303040862,0.0,0.0,0.25025,0.38544576299892075,0.5081478342000257
0.15,0.041666666666666664,0.5416666666666666,0.3019260513157859,0.07541885096155752,0.0,0.0,0.28462,0.4062790963322541,0.5081478342000257
0.15,0.041666666666666664,0.5833333333333333,0.2913335846516283,0.07277330889270643,0.0,0.0,0.32411,0.4271124296655874,0.5081478342000257
0.15,0.041666666666666664,0.625,0.2807411179874706,0.07012776682385534,0.0,0.0,0.36751,0.44794576299892075,0.5081478342000257
0.15,0.041666666666666664,0.6666666666666666,0.27014865132331295,0.06748222475500425,0.0,0.0,0.41442,0.4687790963322541,0.5081478342000257
0.15,0.041666666666666664,0.7083333333333333,0.25955618465915525,0.06483668268615317,0.0,0.0,0.46716,0.4896124296655874,0.5081478342000257
0.15,0.041666666666666664,0.75,0.24896371799499756,0.06219114061730206,0.0,0.0,0.52435,0.5104457629989209,0.5081478342000257
0.15,0.041666666666666664,0.7916666666666666,0.2383712513308399,0.05954559854845098,0.0,0.0,0.58321,0.5312790963322541,0.5081478342000257
0.15,0.041666666666666664,0.8333333333333333,0.22777878466668222,0.05690005647959989,0.0,0.0,0.64371,0.5521124296655874,0.5081478342000257
0.15,0.041666666666666664,0.875,0.21718631800252453,0.0542545144107488,0.0,0.0,0.70373,0.5729457629989207,0.5081478342000257
0.15,0.041666666666666664,0.9166666666666666,0.20659385133836683,0.0516089723418977,0.0,0.0,0.76122,0.5937790963322541,0.5081478342000257
0.15,0.041666666666666664,0.9583333333333333,0.1960013846742092,0.04896343027304662,0.0,0.0,0.81359,0.6146124296655874,0.5081478342000257
0.15,0.041666666666666664,1.0,0.1854089180100515,0.04631788820419552,0.0,0.0,0.8591,0.6354457629989207,0.5081478342000257
0.15,0.08333333333333333,0.0,0.4377214739502873,0.10933470028422851,0.04165,8e-05,0.05598,0.13919576299892075,0.5081478342000257
0.15,0.08333333333333333,0.041666666666666664,0.42712900728612974,0.10668915821537743,0.03129,0.0,0.06311,0.1600290963322541,0.5081478342000257
0.15,0.08333333333333333,0.08333333333333333,0.4165365406219721,0.10404361614652632,0.02242,0.0,0.07135,0.18086242966558744,0.5081478342000257
0.15,0.08333333333333333,0.125,0.40594407395781434,0.10139807407767523,0.01544,0.0,0.08123,0.20169576299892075,0.5081478342000257
0.15,0.08333333333333333,0.16666666666666666,0.3953516072936567,0.09875253200882417,0.00983,0.0,0.09161,0.2225290963322541,0.5081478342000257
0.15,0.08333333333333333,0.20833333333333331,0.384759140629499,0.09610698993997306,0.00593,0.0,0.10362,0.24336242966558744,0.5081478342000257
0.15,0.08333333333333333,0.25,0.3741666739653413,0.09346144787112197,0.00356,0.0,0.11776,0.2641957629989208,0.5081478342000257
0.15,0.08333333333333333,0.29166666666666663,0.3635742073011836,0.09081590580227088,0.0021,0.0,0.13396,0.2850290963322541,0.5081478342000257
0.15,0.08333333333333333,0.3333333333333333,0.3529817406370259,0.08817036373341978,0.00111,0.0,0.15231,0.30586242966558747,0.5081478342000257
0.15,0.08333333333333333,0.375,0.3423892739728682,0.08552482166456869,0.00053,0.0,0.17338,0.3266957629989208,0.5081478342000257
0.15,0.08333333333333333,0.41666666666666663,0.3317968073087106,0.0828792795957176,0.0002,0.0,0.19775,0.3475290963322541,0.5081478342000257
0.15,0.08333333333333333,0.4583333333333333,0.32120434064455294,0.08023373752686651,5e-05,0.0,0.22471,0.3683624296655874,0.5081478342000257
0.15,0.08333333333333333,0.5,0.31061187398039525,0.07758819545801543,0.0,0.0,0.25652,0.3891957629989208,0.5081478342000257
0.15,0.08333333333333333,0.5416666666666666,0.30001940731623755,0.07494265338916434,0.0,0.0,0.29116,0.41002909633225404,0.5081478342000257
0.15,0.08333333333333333,0.5833333333333333,0.2894269406520799,0.07229711132031325,0.0,0.0,0.33165,0.4308624296655874,0.5081478342000257
0.15,0.08333333333333333,0.625,0.27883447398792216,0.06965156925146214,0.0,0.0,0.37526,0.4516957629989208,0.5081478342000257
0.15,0.08333333333333333,0.6666666666666666,0.2682420073237646,0.06700602718261105,0.0,0.0,0.42343,0.4725290963322541,0.5081478342000257
0.15,0.08333333333333333,0.7083333333333333,0.2576495406596069,0.06436048511375997,0.0,0.0,0.47668,0.4933624296655874,0.5081478342000257
0.15,0.08333333333333333,0.75,0.24705707399544918,0.061714943044908877,0.0,0.0,0.5347,0.5141957629989208,0.5081478342000257
0.15,0.08333333333333333,0.7916666666666666,0.23646460733129152,0.059069400976057784,0.0,0.0,0.59449,0.5350290963322542,0.5081478342000257
0.15,0.08333333333333333,0.8333333333333333,0.22587214066713387,0.056423858907206706,0.0,0.0,0.65466,0.5558624296655874,0.5081478342000257
0.15,0.08333333333333333,0.875,0.21527967400297618,0.05377831683835561,0.0,0.0,0.71467,0.5766957629989208,0.5081478342000257
0.15,0.08333333333333333,0.9166666666666666,0.20468720733881848,0.051132774769504515,0.0,0.0,0.77125,0.597529096332254,0.5081478342000257
0.15,0.08333333333333333,0.9583333333333333,0.1940947406746608,0.04848723270065342,0.0,0.0,0.82215,0.6183624296655874,0.5081478342000257
0.15,0.08333333333333333,1.0,0.1835022740105031,0.04584169063180232,0.0,0.0,0.86709,0.6391957629989208,0.5081478342000257
0.15,0.125,0.0,0.435814829950739,0.10885850271183532,0.03958,7e-05,0.057,0.14294576299892076,0.5081478342000257
0.15,0.125,0.041666666666666664,0.4252223632865813,0.10621296064298423,0.02966,0.0,0.06442,0.1637790963322541,0.5081478342000257
0.15,0.125,0.08333333333333333,0.4146298966224236,0.10356741857413311,0.02103,0.0,0.07297,0.18461242966558744,0.5081478342000257
0.15,0.125,0.125,0.404037429958266,0.10092187650528203,0.01431,0.0,0.08302,0.20544576299892076,0.5081478342000257
0.15,0.125,0.16666666666666666,0.39344496329410833,0.09827633443643095,0.00897,0.0,0.09353,0.22627909633225413,0.5081478342000257
0.15,0.125,0.20833333333333331,0.38285249662995063,0.09563079236757988,0.00539,0.0,0.10613,0.2471124296655874,0.5081478342000257
0.15,0.125,0.25,0.37226002996579294,0.09298525029872877,0.00322,0.0,0.12104,0.26794576299892076,0.5081478342000257
0.15,0.125,0.29166666666666663,0.36166756330163524,0.09033970822987769,0.00185,0.0,0.13707,0.2887790963322541,0.5081478342000257
0.15,0.125,0.3333333333333333,0.35107509663747755,0.08769416616102658,0.00093,0.0,0.15585,0.3096124296655874,0.5081478342000257
0.15,0.125,0.375,0.34048262997331985,0.08504862409217549,0.00045,0.0,0.17725,0.3304457629989208,0.5081478342000257
0.15,0.125,0.41666666666666663,0.32989016330916215,0.0824030820233244,0.00014,0.0,0.20239,0.3512790963322541,0.5081478342000257
0.15,0.125,0.4583333333333333,0.31929769664500457,0.07975753995447331,2e-05,0.0,0.23032,0.3721124296655874,0.5081478342000257
0.15,0.125,0.5,0.3087052299808469,0.07711199788562222,0.0,0.0,0.2623,0.3929457629989208,0.5081478342000257
0.15,0.125,0.5416666666666666,0.2981127633166892,0.07446645581677114,0.0,0.0,0.29823,0.4137790963322541,0.5081478342000257
0.15,0.125,0.5833333333333333,0.28752029665253154,0.07182091374792005,0.0,0.0,0.33995,0.4346124296655874,0.5081478342000257
0.15,0.125,0.625,0.27692782998837384,0.06917537167906895,0.0,0.0,0.38368,0.4554457629989208,0.5081478342000257
0.15,0.125,0.6666666666666666,0.26633536332421615,0.06652982961021786,0.0,0.0,0.43301,0.4762790963322541,0.5081478342000257
0.15,0.125,0.7083333333333333,0.25574289666005845,0.06388428754136677,0.0,0.0,0.4867,0.4971124296655874,0.5081478342000257
0.15,0.125,0.75,0.24515042999590078,0.06123874547251568,0.0,0.0,0.54569,0.5179457629989208,0.5081478342000257
0.15,0.125,0.7916666666666666,0.23455796333174309,0.05859320340366459,0.0,0.0,0.60514,0.5387790963322541,0.5081478342000257
0.15,0.125,0.8333333333333333,0.22396549666758547,0.05594766133481349,0.0,0.0,0.66554,0.5596124296655874,0.5081478342000257
0.15,0.125,0.875,0.21337303000342775,0.0533021192659624,0.0,0.0,0.72533,0.5804457629989208,0.5081478342000257
0.15,0.125,0.9166666666666666,0.20278056333927008,0.05065657719711131,0.0,0.0,0.78095,0.6012790963322541,0.5081478342000257
0.15,0.125,0.9583333333333333,0.19218809667511247,0.04801103512826023,0.0,0.0,0.83075,0.6221124296655874,0.5081478342000257
0.15,0.125,1.0,0.18159563001095477,0.04536549305940914,0.0,0.0,0.87448,0.6429457629989207,0.5081478342000257
0.15,0.16666666666666666,0.0,0.43390818595119063,0.10838230513944212,0.03764,5e-05,0.05821,0.14669576299892076,0.5081478342000257
0.15,0.16666666666666666,0.041666666666666664,0.42331571928703293,0.10573676307059104,0.02805,0.0,0.06577,0.16752909633225413,0.5081478342000257
0.15,0.16666666666666666,0.08333333333333333,0.4127232526228753,0.10309122100173994,0.01967,0.0,0.07481,0.18836242966558744,0.5081478342000257
0.15,0.16666666666666666,0.125,0.4021307859587176,0.10044567893288885,0.01322,0.0,0.08486,0.20919576299892076,0.5081478342000257
0.15,0.16666666666666666,0.16666666666666666,0.3915383192945599,0.09780013686403775,0.00816,0.0,0.09586,0.23002909633225413,0.5081478342000257
0.15,0.16666666666666666,0.20833333333333331,0.3809458526304022,0.09515459479518668,0.00486,0.0,0.10877,0.2508624296655874,0.5081478342000257
0.15,0.16666666666666666,0.25,0.3703533859662445,0.09250905272633557,0.00291,0.0,0.12357,0.2716957629989208,0.5081478342000257
0.15,0.16666666666666666,0.29166666666666663,0.35976091930208687,0.08986351065748449,0.00166,0.0,0.14034,0.2925290963322541,0.5081478342000257
0.15,0.16666666666666666,0.3333333333333333,0.34916845263792917,0.0872179685886334,0.00081,0.0,0.15923,0.3133624296655874,0.5081478342000257
0.15,0.16666666666666666,0.375,0.3385759859737715,0.08457242651978229,0.00034,0.0,0.18158,0.3341957629989207,0.5081478342000257
0.15,0.16666666666666666,0.41666666666666663,0.3279835193096139,0.08192688445093121,0.00012,0.0,0.20696,0.3550290963322541,0.5081478342000257
0.15,0.16666666666666666,0.4583333333333333,0.31739105264545614,0.07928134238208012,1e-05,0.0,0.23548,0.3758624296655874,0.5081478342000257
0.15,0.16666666666666666,0.5,0.3067985859812985,0.07663580031322903,0.0,0.0,0.26839,0.3966957629989207,0.5081478342000257
0.15,0.16666666666666666,0.5416666666666666,0.29620611931714086,0.07399025824437794,0.0,0.0,0.30544,0.41752909633225405,0.5081478342000257
0.15,0.16666666666666666,0.5833333333333333,0.28561365265298316,0.07134471617552685,0.0,0.0,0.34759,0.4383624296655874,0.5081478342000257
0.15,0.16666666666666666,0.625,0.27502118598882547,0.06869917410667577,0.0,0.0,0.39283,0.4591957629989207,0.5081478342000257
0.15,0.16666666666666666,0.6666666666666666,0.26442871932466777,0.06605363203782466,0.0,0.0,0.44279,0.4800290963322541,0.5081478342000257
0.15,0.16666666666666666,0.7083333333333333,0.25383625266051013,0.06340808996897358,0.0,0.0,0.49717,0.5008624296655874,0.5081478342000257
0.15,0.16666666666666666,0.75,0.2432437859963524,0.060762547900122484,0.0,0.0,0.55579,0.5216957629989207,0.5081478342000257
0.15,0.16666666666666666,0.7916666666666666,0.23265131933219474,0.05811700583127139,0.0,0.0,0.61547,0.5425290963322541,0.5081478342000257
0.15,0.16666666666666666,0.8333333333333333,0.22205885266803707,0.0554714637624203,0.0,0.0,0.6765,0.5633624296655874,0.5081478342000257
0.15,0.16666666666666666,0.875,0.21146638600387938,0.05282592169356921,0.0,0.0,0.73516,0.5841957629989207,0.5081478342000257
0.15,0.16666666666666666,0.9166666666666666,0.20087391933972168,0.050180379624718115,0.0,0.0,0.79076,0.6050290963322541,0.5081478342000257
0.15,0.16666666666666666,0.9583333333333333,0.19028145267556407,0.047534837555867036,0.0,0.0,0.83952,0.6258624296655874,0.5081478342000257
0.15,0.16666666666666666,1.0,0.17968898601140634,0.04488929548701594,0.0,0.0,0.88145,0.6466957629989207,0.5081478342000257
0.15,0.20833333333333331,0.0,0.4320015419516423,0.10790610756704894,0.03578,3e-05,0.0596,0.15044576299892076,0.5081478342000257
0.15,0.20833333333333331,0.041666666666666664,0.4214090752874846,0.10526056549819783,0.02622,0.0,0.06739,0.17127909633225408,0.5081478342000257
0.15,0.20833333333333331,0.08333333333333333,0.4108166086233269,0.10261502342934672,0.01829,0.0,0.07659,0.19211242966558742,0.5081478342000257
0.15,0.20833333333333331,0.125,0.4002241419591692,0.09996948136049566,0.01226,0.0,0.0867,0.21294576299892076,0.5081478342000257
0.15,0.20833333333333331,0.16666666666666666,0.3896316752950115,0.09732393929164457,0.00747,0.0,0.09771,0.23377909633225408,0.5081478342000257
0.15,0.20833333333333331,0.20833333333333331,0.37903920863085383,0.09467839722279346,0.00452,0.0,0.11108,0.2546124296655874,0.5081478342000257
0.15,0.20833333333333331,0.25,0.36844674196669613,0.09203285515394237,0.0026,0.0,0.12657,0.27544576299892076,0.5081478342000257
0.15,0.20833333333333331,0.29166666666666663,0.35785427530253844,0.08938731308509128,0.00152,0.0,0.14372,0.296279096332254,0.5081478342000257
0.15,0.20833333333333331,0.3333333333333333,0.34726180863838085,0.0867417710162402,0.00073,0.0,0.16295,0.3171124296655874,0.5081478342000257
0.15,0.20833333333333331,0.375,0.33666934197422316,0.08409622894738909,0.0003,0.0,0.18588,0.33794576299892076,0.5081478342000257
0.15,0.20833333333333331,0.41666666666666663,0.32607687531006546,0.08145068687853801,0.0001,0.0,0.21172,0.35877909633225413,0.5081478342000257
0.15,0.20833333333333331,0.4583333333333333,0.31548440864590777,0.07880514480968692,0.0,0.0,0.24118,0.3796124296655874,0.5081478342000257
0.15,0.20833333333333331,0.5,0.30489194198175007,0.07615960274083583,0.0,0.0,0.27489,0.40044576299892076,0.5081478342000257
0.15,0.20833333333333331,0.5416666666666666,0.29429947531759243,0.07351406067198474,0.0,0.0,0.31249,0.42127909633225413,0.5081478342000257
0.15,0.20833333333333331,0.5833333333333333,0.28370700865343473,0.07086851860313365,0.0,0.0,0.3555,0.4421124296655874,0.5081478342000257
0.15,0.20833333333333331,0.625,0.27311454198927704,0.06822297653428255,0.0,0.0,0.40116,0.46294576299892076,0.5081478342000257
0.15,0.20833333333333331,0.6666666666666666,0.26252207532511934,0.06557743446543146,0.0,0.0,0.45262,0.48377909633225413,0.5081478342000257
0.15,0.20833333333333331,0.7083333333333333,0.2519296086609617,0.06293189239658037,0.0,0.0,0.50758,0.5046124296655874,0.5081478342000257
0.15,0.20833333333333331,0.75,0.24133714199680398,0.06028635032772928,0.0,0.0,0.56667,0.5254457629989208,0.5081478342000257
0.15,0.20833333333333331,0.7916666666666666,0.23074467533264637,0.057640808258878184,0.0,0.0,0.62591,0.5462790963322541,0.5081478342000257
0.15,0.20833333333333331,0.8333333333333333,0.22015220866848867,0.054995266190027106,0.0,0.0,0.687,0.5671124296655874,0.5081478342000257
0.15,0.20833333333333331,0.875,0.20955974200433097,0.05234972412117601,0.0,0.0,0.74557,0.5879457629989208,0.5081478342000257
0.15,0.20833333333333331,0.9166666666666666,0.19896727534017333,0.04970418205232493,0.0,0.0,0.79991,0.608779096332254,0.5081478342000257
0.15,0.20833333333333331,0.9583333333333333,0.18837480867601566,0.04705863998347384,0.0,0.0,0.84714,0.6296124296655874,0.5081478342000257
0.15,0.20833333333333331,1.0,0.17778234201185794,0.04441309791462273,0.0,0.0,0.88832,0.6504457629989209,0.5081478342000257
0.15,0.25,0.0,0.4300948979520938,0.10742990999465572,0.03405,3e-05,0.06096,0.15419576299892077,0.5081478342000257
0.15,0.25,0.041666666666666664,0.4195024312879362,0.10478436792580466,0.02467,0.0,0.06894,0.1750290963322541,0.5081478342000257
0.15,0.25,0.08333333333333333,0.4089099646237785,0.10213882585695354,0.0171,0.0,0.07849,0.19586242966558745,0.5081478342000257
0.15,0.25,0.125,0.3983174979596208,0.09949328378810246,0.01119,0.0,0.08881,0.21669576299892077,0.5081478342000257
0.15,0.25,0.16666666666666666,0.3877250312954631,0.09684774171925135,0.00681,0.0,0.09969,0.2375290963322541,0.5081478342000257
0.15,0.25,0.20833333333333331,0.37713256463130546,0.09420219965040028,0.00403,0.0,0.11357,0.2583624296655874,0.5081478342000257
0.15,0.25,0.25,0.36654009796714776,0.09155665758154918,0.00237,0.0,0.12945,0.27919576299892074,0.5081478342000257
0.15,0.25,0.29166666666666663,0.3559476313029901,0.08891111551269809,0.00132,0.0,0.14696,0.30002909633225405,0.5081478342000257
0.15,0.25,0.3333333333333333,0.3453551646388324,0.08626557344384699,0.00068,0.0,0.16697,0.3208624296655874,0.5081478342000257
0.15,0.25,0.375,0.33476269797467473,0.08362003137499592,0.00024,0.0,0.1904,0.34169576299892074,0.5081478342000257
0.15,0.25,0.41666666666666663,0.3241702313105171,0.08097448930614483,0.0001,0.0,0.21673,0.36252909633225405,0.5081478342000257
0.15,0.25,0.4583333333333333,0.31357776464635934,0.07832894723729372,0.0,0.0,0.24698,0.3833624296655874,0.5081478342000257
0.15,0.25,0.5,0.30298529798220175,0.07568340516844264,0.0,0.0,0.28124,0.4041957629989207,0.5081478342000257
0.15,0.25,0.5416666666666666,0.29239283131804406,0.07303786309959154,0.0,0.0,0.31985,0.4250290963322541,0.5081478342000257
0.15,0.25,0.5833333333333333,0.28180036465388636,0.07039232103074046,0.0,0.0,0.36317,0.4458624296655874,0.5081478342000257
0.15,0.25,0.625,0.2712078979897287,0.06774677896188935,0.0,0.0,0.4096,0.4666957629989207,0.5081478342000257
0.15,0.25,0.6666666666666666,0.260615431325571,0.06510123689303828,0.0,0.0,0.46175,0.4875290963322541,0.5081478342000257
0.15,0.25,0.7083333333333333,0.2500229646614133,0.062455694824187176,0.0,0.0,0.51845,0.5083624296655874,0.5081478342000257
0.15,0.25,0.75,0.23943049799725566,0.05981015275533609,0.0,0.0,0.57736,0.5291957629989207,0.5081478342000257
0.15,0.25,0.7916666666666666,0.22883803133309796,0.05716461068648499,0.0,0.0,0.63721,0.5500290963322542,0.5081478342000257
0.15,0.25,0.8333333333333333,0.21824556466894032,0.05451906861763391,0.0,0.0,0.69774,0.5708624296655874,0.5081478342000257
0.15,0.25,0.875,0.20765309800478263,0.05187352654878282,0.0,0.0,0.75593,0.5916957629989207,0.5081478342000257
0.15,0.25,0.9166666666666666,0.19706063134062496,0.04922798447993173,0.0,0.0,0.80892,0.6125290963322542,0.5081478342000257
0.15,0.25,0.9583333333333333,0.1864681646764673,0.04658244241108063,0.0,0.0,0.85495,0.6333624296655874,0.5081478342000257
0.15,0.25,1.0,0.17587569801230954,0.04393690034222954,0.0,0.0,0.89545,0.6541957629989208,0.5081478342000257
0.15,0.29166666666666663,0.0,0.4281882539525455,0.10695371242226254,0.03222,1e-05,0.06234,0.15794576299892077,0.5081478342000257
0.15,0.29166666666666663,0.041666666666666664,0.4175957872883878,0.10430817035341144,0.02324,0.0,0.07053,0.17877909633225408,0.5081478342000257
0.15,0.29166666666666663,0.08333333333333333,0.4070033206242301,0.10166262828456037,0.01594,0.0,0.08015,0.1996124296655874,0.5081478342000257
0.15,0.29166666666666663,0.125,0.3964108539600724,0.09901708621570927,0.01039,0.0,0.09064,0.22044576299892077,0.5081478342000257
0.15,0.29166666666666663,0.16666666666666666,0.3858183872959147,0.09637154414685818,0.00617,0.0,0.10218,0.24127909633225406,0.5081478342000257
0.15,0.29166666666666663,0.20833333333333331,0.3752259206317571,0.09372600207800709,0.00375,0.0,0.11634,0.2621124296655874,0.5081478342000257
0.15,0.29166666666666663,0.25,0.36463345396759944,0.09108046000915598,0.00219,0.0,0.13237,0.28294576299892077,0.5081478342000257
0.15,0.29166666666666663,0.29166666666666663,0.35404098730344175,0.08843491794030492,0.00117,0.0,0.1502,0.3037790963322541,0.5081478342000257
0.15,0.29166666666666663,0.3333333333333333,0.3434485206392841,0.08578937587145381,0.00058,0.0,0.17112,0.3246124296655874,0.5081478342000257
0.15,0.29166666666666663,0.375,0.3328560539751264,0.0831438338026027,0.00022,0.0,0.19528,0.3454457629989207,0.5081478342000257
0.15,0.29166666666666663,0.41666666666666663,0.3222635873109687,0.08049829173375161,5e-05,0.0,0.22173,0.36627909633225403,0.5081478342000257
0.15,0.29166666666666663,0.4583333333333333,0.311671120646811,0.07785274966490054,0.0,0.0,0.25299,0.38711242966558745,0.5081478342000257
0.15,0.29166666666666663,0.5,0.3010786539826533,0.07520720759604944,0.0,0.0,0.28766,0.4079457629989207,0.5081478342000257
0.15,0.29166666666666663,0.5416666666666666,0.2904861873184957,0.07256166552719835,0.0,0.0,0.32737,0.42877909633225403,0.5081478342000257
0.15,0.29166666666666663,0.5833333333333333,0.27989372065433804,0.06991612345834726,0.0,0.0,0.37099,0.44961242966558734,0.5081478342000257
0.15,0.29166666666666663,0.625,0.2693012539901803,0.06727058138949617,0.0,0.0,0.4184,0.4704457629989207,0.5081478342000257
0.15,0.29166666666666663,0.6666666666666666,0.25870878732602265,0.06462503932064508,0.0,0.0,0.47144,0.49127909633225403,0.5081478342000257
0.15,0.29166666666666663,0.7083333333333333,0.24811632066186498,0.06197949725179399,0.0,0.0,0.52889,0.5121124296655875,0.5081478342000257
0.15,0.29166666666666663,0.75,0.2375238539977073,0.0593339551829429,0.0,0.0,0.58822,0.5329457629989207,0.5081478342000257
0.15,0.29166666666666663,0.7916666666666666,0.22693138733354964,0.056688413114091805,0.0,0.0,0.6486,0.5537790963322541,0.5081478342000257
0.15,0.29166666666666663,0.8333333333333333,0.21633892066939192,0.05404287104524072,0.0,0.0,0.70848,0.5746124296655875,0.5081478342000257
0.15,0.29166666666666663,0.875,0.20574645400523423,0.051397328976389614,0.0,0.0,0.7659,0.5954457629989207,0.5081478342000257
0.15,0.29166666666666663,0.9166666666666666,0.19515398734107658,0.04875178690753853,0.0,0.0,0.81767,0.6162790963322541,0.5081478342000257
0.15,0.29166666666666663,0.9583333333333333,0.1845615206769189,0.046106244838687443,0.0,0.0,0.86263,0.6371124296655873,0.5081478342000257
0.15,0.29166666666666663,1.0,0.1739690540127612,0.043460702769836344,0.0,0.0,0.90217,0.6579457629989207,0.5081478342000257
0.15,0.3333333333333333,0.0,0.4262816099529971,0.10647751484986934,0.03067,0.0,0.06367,0.16169576299892077,0.5081478342000257
0.15,0.3333333333333333,0.041666666666666664,0.4156891432888394,0.10383197278101823,0.02187,0.0,0.07206,0.1825290963322541,0.5081478342000257
0.15,0.3333333333333333,0.08333333333333333,0.4050966766246818,0.10118643071216717,0.01493,0.0,0.08207,0.2033624296655874,0.5081478342000257
0.15,0.3333333333333333,0.125,0.39450420996052404,0.09854088864331606,0.00941,0.0,0.09245,0.22419576299892077,0.5081478342000257
0.15,0.3333333333333333,0.16666666666666666,0.3839117432963664,0.09589534657446497,0.00567,0.0,0.10469,0.24502909633225406,0.5081478342000257
0.15,0.3333333333333333,0.20833333333333331,0.3733192766322087,0.09324980450561386,0.0034,0.0,0.11917,0.26586242966558743,0.5081478342000257
0.15,0.3333333333333333,0.25,0.362726809968051,0.09060426243676278,0.00203,0.0,0.13531,0.28669576299892074,0.5081478342000257
0.15,0.3333333333333333,0.29166666666666663,0.3521343433038933,0.0879587203679117,0.00101,0.0,0.15387,0.30752909633225406,0.5081478342000257
0.15,0.3333333333333333,0.3333333333333333,0.34154187663973573,0.08531317829906061,0.00049,0.0,0.175,0.32836242966558743,0.5081478342000257
0.15,0.3333333333333333,0.375,0.33094940997557803,0.08266763623020952,0.00017,0.0,0.19986,0.34919576299892074,0.5081478342000257
0.15,0.3333333333333333,0.41666666666666663,0.3203569433114203,0.08002209416135843,2e-05,0.0,0.22706,0.3700290963322541,0.5081478342000257
0.15,0.3333333333333333,0.4583333333333333,0.30976447664726264,0.07737655209250734,0.0,0.0,0.25904,0.39086242966558743,0.5081478342000257
0.15,0.3333333333333333,0.5,0.29917200998310495,0.07473101002365624,0.0,0.0,0.29432,0.41169576299892086,0.5081478342000257
0.15,0.3333333333333333,0.5416666666666666,0.28857954331894725,0.07208546795480515,0.0,0.0,0.33534,0.4325290963322541,0.5081478342000257
0.15,0.3333333333333333,0.5833333333333333,0.2779870766547896,0.06943992588595407,0.0,0.0,0.37902,0.45336242966558743,0.5081478342000257
0.15,0.3333333333333333,0.625,0.26739460999063197,0.06679438381710297,0.0,0.0,0.42791,0.47419576299892086,0.5081478342000257
0.15,0.3333333333333333,0.6666666666666666,0.2568021433264743,0.06414884174825188,0.0,0.0,0.48074,0.4950290963322541,0.5081478342000257
0.15,0.3333333333333333,0.7083333333333333,0.2462096766623166,0.06150329967940079,0.0,0.0,0.53958,0.5158624296655874,0.5081478342000257
0.15,0.3333333333333333,0.75,0.2356172099981589,0.05885775761054969,0.0,0.0,0.59912,0.5366957629989209,0.5081478342000257
0.15,0.3333333333333333,0.7916666666666666,0.22502474333400121,0.056212215541698606,0.0,0.0,0.65932,0.5575290963322541,0.5081478342000257
0.15,0.3333333333333333,0.8333333333333333,0.21443227666984355,0.05356667347284753,0.0,0.0,0.71942,0.5783624296655874,0.5081478342000257
0.15,0.3333333333333333,0.875,0.20383981000568588,0.05092113140399642,0.0,0.0,0.77523,0.5991957629989209,0.5081478342000257
0.15,0.3333333333333333,0.9166666666666666,0.19324734334152818,0.04827558933514534,0.0,0.0,0.82591,0.620029096332254,0.5081478342000257
0.15,0.3333333333333333,0.9583333333333333,0.1826548766773705,0.045630047266294244,0.0,0.0,0.87044,0.6408624296655874,0.5081478342000257
0.15,0.3333333333333333,1.0,0.1720624100132128,0.04298450519744315,0.0,0.0,0.9086,0.6616957629989207,0.5081478342000257
0.15,0.375,0.0,0.4243749659534487,0.10600131727747614,0.02892,0.0,0.06492,0.16544576299892078,0.5081478342000257
0.15,0.375,0.041666666666666664,0.413782499289291,0.10335577520862506,0.02046,0.0,0.07366,0.1862790963322541,0.5081478342000257
0.15,0.375,0.08333333333333333,0.40319003262513337,0.10071023313977395,0.01378,0.0,0.08388,0.2071124296655874,0.5081478342000257
0.15,0.375,0.125,0.3925975659609756,0.09806469107092287,0.00854,0.0,0.0946,0.22794576299892072,0.5081478342000257
0.15,0.375,0.16666666666666666,0.38200509929681803,0.0954191490020718,0.00512,0.0,0.10716,0.2487790963322541,0.5081478342000257
0.15,0.375,0.20833333333333331,0.37141263263266033,0.09277360693322069,0.00315,0.0,0.12219,0.2696124296655874,0.5081478342000257
0.15,0.375,0.25,0.36082016596850264,0.09012806486436958,0.00176,0.0,0.13846,0.2904457629989207,0.5081478342000257
0.15,0.375,0.29166666666666663,0.350227699304345,0.08748252279551849,0.00086,0.0,0.15712,0.31127909633225403,0.5081478342000257
0.15,0.375,0.3333333333333333,0.3396352326401873,0.08483698072666743,0.00043,0.0,0.17918,0.3321124296655874,0.5081478342000257
0.15,0.375,0.375,0.3290427659760296,0.08219143865781632,0.00013,0.0,0.20454,0.35294576299892066,0.5081478342000257
0.15,0.375,0.41666666666666663,0.3184502993118719,0.07954589658896523,2e-05,0.0,0.2325,0.37377909633225403,0.5081478342000257
0.15,0.375,0.4583333333333333,0.3078578326477142,0.07690035452011414,0.0,0.0,0.26482,0.3946124296655874,0.5081478342000257
0.15,0.375,0.5,0.2972653659835566,0.07425481245126304,0.0,0.0,0.30168,0.41544576299892066,0.5081478342000257
0.15,0.375,0.5416666666666666,0.28667289931939893,0.07160927038241197,0.0,0.0,0.34337,0.43627909633225403,0.5081478342000257
0.15,0.375,0.5833333333333333,0.27608043265524124,0.06896372831356087,0.0,0.0,0.3877,0.4571124296655874,0.5081478342000257
0.15,0.375,0.625,0.26548796599108354,0.06631818624470977,0.0,0.0,0.4376,0.47794576299892066,0.5081478342000257
0.15,0.375,0.6666666666666666,0.2548954993269259,0.06367264417585868,0.0,0.0,0.49118,0.49877909633225403,0.5081478342000257
0.15,0.375,0.7083333333333333,0.24430303266276823,0.0610271021070076,0.0,0.0,0.5499,0.5196124296655874,0.5081478342000257
0.15,0.375,0.75,0.23371056599861054,0.0583815600381565,0.0,0.0,0.60972,0.5404457629989208,0.5081478342000257
0.15,0.375,0.7916666666666666,0.22311809933445284,0.05573601796930541,0.0,0.0,0.67035,0.561279096332254,0.5081478342000257
0.15,0.375,0.8333333333333333,0.21252563267029517,0.05309047590045433,0.0,0.0,0.72967,0.5821124296655874,0.5081478342000257
0.15,0.375,0.875,0.20193316600613742,0.05044493383160322,0.0,0.0,0.78528,0.6029457629989208,0.5081478342000257
0.15,0.375,0.9166666666666666,0.1913406993419798,0.047799391762752136,0.0,0.0,0.8347,0.623779096332254,0.5081478342000257
0.15,0.375,0.9583333333333333,0.18074823267782208,0.04515384969390105,0.0,0.0,0.87785,0.6446124296655874,0.5081478342000257
0.15,0.375,1.0,0.1701557660136644,0.042508307625049944,0.0,0.0,0.91448,0.6654457629989209,0.5081478342000257
0.15,0.41666666666666663,0.0,0.4224683219539003,0.10552511970508294,0.02729,0.0,0.06644,0.16919576299892075,0.5081478342000257
0.15,0.41666666666666663,0.041666666666666664,0.41187585528974263,0.10287957763623184,0.01898,0.0,0.07561,0.1900290963322541,0.5081478342000257
0.15,0.41666666666666663,0.08333333333333333,0.40128338862558494,0.10023403556738078,0.0128,0.0,0.08565,0.21086242966558744,0.5081478342000257
0.15,0.41666666666666663,0.125,0.39069092196142724,0.09758849349852967,0.00791,0.0,0.09667,0.23169576299892075,0.5081478342000257
0.15,0.41666666666666663,0.16666666666666666,0.3800984552972696,0.09494295142967858,0.00471,0.0,0.10973,0.25252909633225407,0.5081478342000257
0.15,0.41666666666666663,0.20833333333333331,0.3695059886331119,0.09229740936082748,0.00272,0.0,0.1249,0.2733624296655874,0.5081478342000257
0.15,0.41666666666666663,0.25,0.3589135219689542,0.08965186729197638,0.00159,0.0,0.1419,0.29419576299892075,0.5081478342000257
0.15,0.41666666666666663,0.29166666666666663,0.3483210553047966,0.08700632522312529,0.00077,0.0,0.16083,0.31502909633225407,0.5081478342000257
0.15,0.41666666666666663,0.3333333333333333,0.33772858864063887,0.08436078315427421,0.00031,0.0,0.1833,0.3358624296655874,0.5081478342000257
0.15,0.41666666666666663,0.375,0.32713612197648123,0.08171524108542312,0.0001,0.0,0.20912,0.35669576299892075,0.5081478342000257
0.15,0.41666666666666663,0.41666666666666663,0.31654365531232354,0.07906969901657203,0.0,0.0,0.23815,0.37752909633225407,0.5081478342000257
0.15,0.41666666666666663,0.4583333333333333,0.30595118864816584,0.07642415694772095,0.0,0.0,0.27132,0.3983624296655874,0.5081478342000257
0.15,0.41666666666666663,0.5,0.2953587219840082,0.07377861487886984,0.0,0.0,0.30856,0.41919576299892075,0.5081478342000257
0.15,0.41666666666666663,0.5416666666666666,0.28476625531985056,0.07113307281001875,0.0,0.0,0.35113,0.44002909633225407,0.5081478342000257
0.15,0.41666666666666663,0.5833333333333333,0.27417378865569286,0.06848753074116766,0.0,0.0,0.39629,0.4608624296655874,0.5081478342000257
0.15,0.41666666666666663,0.625,0.26358132199153517,0.06584198867231657,0.0,0.0,0.44718,0.48169576299892075,0.5081478342000257
0.15,0.41666666666666663,0.6666666666666666,0.25298885532737747,0.06319644660346549,0.0,0.0,0.50178,0.5025290963322541,0.5081478342000257
0.15,0.41666666666666663,0.7083333333333333,0.2423963886632198,0.060550904534614404,0.0,0.0,0.56046,0.5233624296655874,0.5081478342000257
0.15,0.41666666666666663,0.75,0.23180392199906216,0.0579053624657633,0.0,0.0,0.62003,0.5441957629989207,0.5081478342000257
0.15,0.41666666666666663,0.7916666666666666,0.22121145533490447,0.05525982039691221,0.0,0.0,0.68131,0.5650290963322541,0.5081478342000257
0.15,0.41666666666666663,0.8333333333333333,0.21061898867074677,0.05261427832806113,0.0,0.0,0.73957,0.5858624296655874,0.5081478342000257
0.15,0.41666666666666663,0.875,0.2000265220065891,0.049968736259210035,0.0,0.0,0.79472,0.6066957629989207,0.5081478342000257
0.15,0.41666666666666663,0.9166666666666666,0.18943405534243138,0.047323194190358936,0.0,0.0,0.84306,0.6275290963322541,0.5081478342000257
0.15,0.41666666666666663,0.9583333333333333,0.17884158867827377,0.04467765212150785,0.0,0.0,0.88454,0.6483624296655874,0.5081478342000257
0.15,0.41666666666666663,1.0,0.16824912201411607,0.04203211005265675,0.0,0.0,0.91999,0.6691957629989207,0.5081478342000257
0.15,0.4583333333333333,0.0,0.4205616779543519,0.10504892213268975,0.02553,0.0,0.06808,0.17294576299892075,0.5081478342000257
0.15,0.4583333333333333,0.041666666666666664,0.4099692112901942,0.10240338006383864,0.01772,0.0,0.07749,0.1937790963322541,0.5081478342000257
0.15,0.4583333333333333,0.08333333333333333,0.3993767446260366,0.09975783799498757,0.0118,0.0,0.08772,0.2146124296655874,0.5081478342000257
0.15,0.4583333333333333,0.125,0.3887842779618789,0.09711229592613646,0.00716,0.0,0.09856,0.23544576299892075,0.5081478342000257
0.15,0.4583333333333333,0.16666666666666666,0.3781918112977213,0.09446675385728538,0.00434,0.0,0.11217,0.2562790963322541,0.5081478342000257
0.15,0.4583333333333333,0.20833333333333331,0.3675993446335636,0.0918212117884343,0.00249,0.0,0.12784,0.2771124296655874,0.5081478342000257
0.15,0.4583333333333333,0.25,0.35700687796940583,0.0891756697195832,0.00142,0.0,0.14509,0.2979457629989208,0.5081478342000257
0.15,0.4583333333333333,0.29166666666666663,0.3464144113052482,0.08653012765073212,0.0007,0.0,0.16474,0.31877909633225404,0.5081478342000257
0.15,0.4583333333333333,0.3333333333333333,0.3358219446410905,0.083884585581881,0.00029,0.0,0.18787,0.3396124296655874,0.5081478342000257
0.15,0.4583333333333333,0.375,0.32522947797693286,0.08123904351302993,0.0001,0.0,0.214,0.3604457629989208,0.5081478342000257
0.15,0.4583333333333333,0.41666666666666663,0.3146370113127752,0.07859350144417884,0.0,0.0,0.24392,0.3812790963322541,0.5081478342000257
0.15,0.4583333333333333,0.4583333333333333,0.3040445446486175,0.07594795937532774,0.0,0.0,0.2776,0.4021124296655874,0.5081478342000257
0.15,0.4583333333333333,0.5,0.2934520779844598,0.07330241730647666,0.0,0.0,0.31569,0.4229457629989208,0.5081478342000257
0.15,0.4583333333333333,0.5416666666666666,0.28285961132030213,0.07065687523762557,0.0,0.0,0.35874,0.4437790963322541,0.5081478342000257
0.15,0.4583333333333333,0.5833333333333333,0.27226714465614443,0.06801133316877447,0.0,0.0,0.405,0.46461242966558736,0.5081478342000257
0.15,0.4583333333333333,0.625,0.2616746779919868,0.06536579109992338,0.0,0.0,0.45639,0.4854457629989208,0.5081478342000257
0.15,0.4583333333333333,0.6666666666666666,0.2510822113278291,0.06272024903107229,0.0,0.0,0.51279,0.5062790963322541,0.5081478342000257
0.15,0.4583333333333333,0.7083333333333333,0.24048974466367146,0.060074706962221204,0.0,0.0,0.571,0.5271124296655874,0.5081478342000257
0.15,0.4583333333333333,0.75,0.22989727799951376,0.057429164893370105,0.0,0.0,0.63083,0.5479457629989207,0.5081478342000257
0.15,0.4583333333333333,0.7916666666666666,0.2193048113353561,0.05478362282451901,0.0,0.0,0.692,0.5687790963322541,0.5081478342000257
0.15,0.4583333333333333,0.8333333333333333,0.20871234467119837,0.05213808075566793,0.0,0.0,0.75011,0.5896124296655874,0.5081478342000257
0.15,0.4583333333333333,0.875,0.19811987800704073,0.04949253868681682,0.0,0.0,0.80403,0.6104457629989207,0.5081478342000257
0.15,0.4583333333333333,0.9166666666666666,0.18752741134288298,0.04684699661796574,0.0,0.0,0.85071,0.6312790963322541,0.5081478342000257
0.15,0.4583333333333333,0.9583333333333333,0.17693494467872536,0.04420145454911466,0.0,0.0,0.89184,0.6521124296655874,0.5081478342000257
0.15,0.4583333333333333,1.0,0.16634247801456767,0.04155591248026356,0.0,0.0,0.92537,0.6729457629989207,0.5081478342000257
0.15,0.5,0.0,0.4186550339548035,0.10457272456029655,0.02405,0.0,0.06968,0.17669576299892076,0.5081478342000257
0.15,0.5,0.041666666666666664,0.40806256729064583,0.10192718249144546,0.01657,0.0,0.07924,0.19752909633225407,0.5081478342000257
0.15,0.5,0.08333333333333333,0.3974701006264882,0.09928164042259437,0.01077,0.0,0.08954,0.21836242966558742,0.5081478342000257
0.15,0.5,0.125,0.3868776339623306,0.09663609835374327,0.00652,0.0,0.10075,0.23919576299892076,0.5081478342000257
0.15,0.5,0.16666666666666666,0.3762851672981729,0.0939905562848922,0.00392,0.0,0.11473,0.26002909633225413,0.5081478342000257
0.15,0.5,0.20833333333333331,0.3656927006340152,0.09134501421604109,0.0023,0.0,0.13075,0.2808624296655874,0.5081478342000257
0.15,0.5,0.25,0.3551002339698575,0.08869947214718998,0.00127,0.0,0.14843,0.30169576299892076,0.5081478342000257
0.15,0.5,0.29166666666666663,0.3445077673056998,0.0860539300783389,0.00062,0.0,0.16892,0.32252909633225413,0.5081478342000257
0.15,0.5,0.3333333333333333,0.3339153006415421,0.08340838800948783,0.00023,0.0,0.19238,0.3433624296655874,0.5081478342000257
0.15,0.5,0.375,0.3233228339773844,0.08076284594063672,7e-05,0.0,0.21908,0.36419576299892076,0.5081478342000257
0.15,0.5,0.41666666666666663,0.3127303673132268,0.07811730387178564,0.0,0.0,0.24959,0.38502909633225413,0.5081478342000257
0.15,0.5,0.4583333333333333,0.30213790064906915,0.07547176180293455,0.0,0.0,0.28396,0.4058624296655874,0.5081478342000257
0.15,0.5,0.5,0.29154543398491145,0.07282621973408346,0.0,0.0,0.3232,0.42669576299892076,0.5081478342000257
0.15,0.5,0.5416666666666666,0.28095296732075375,0.07018067766523237,0.0,0.0,0.3667,0.44752909633225413,0.5081478342000257
0.15,0.5,0.5833333333333333,0.27036050065659606,0.06753513559638127,0.0,0.0,0.41346,0.4683624296655874,0.5081478342000257
0.15,0.5,0.625,0.2597680339924384,0.06488959352753018,0.0,0.0,0.46611,0.48919576299892076,0.5081478342000257
0.15,0.5,0.6666666666666666,0.2491755673282807,0.062244051458679096,0.0,0.0,0.52326,0.5100290963322541,0.5081478342000257
0.15,0.5,0.7083333333333333,0.23858310066412305,0.059598509389828,0.0,0.0,0.58207,0.5308624296655874,0.5081478342000257
0.15,0.5,0.75,0.22799063399996533,0.056952967320976905,0.0,0.0,0.64258,0.5516957629989208,0.5081478342000257
0.15,0.5,0.7916666666666666,0.2173981673358077,0.05430742525212581,0.0,0.0,0.70267,0.5725290963322541,0.5081478342000257
0.15,0.5,0.8333333333333333,0.20680570067165002,0.051661883183274734,0.0,0.0,0.76027,0.5933624296655874,0.5081478342000257
0.15,0.5,0.875,0.19621323400749227,0.04901634111442363,0.0,0.0,0.81258,0.6141957629989208,0.5081478342000257
0.15,0.5,0.9166666666666666,0.18562076734333466,0.04637079904557255,0.0,0.0,0.85823,0.635029096332254,0.5081478342000257
0.15,0.5,0.9583333333333333,0.17502830067917696,0.04372525697672146,0.0,0.0,0.89842,0.6558624296655874,0.5081478342000257
0.15,0.5,1.0,0.1644358340150193,0.041079714907870366,0.0,0.0,0.93093,0.6766957629989206,0.5081478342000257
0.15,0.5416666666666666,0.0,0.41674838995525526,0.10409652698790334,0.02256,0.0,0.0712,0.18044576299892076,0.5081478342000257
0.15,0.5416666666666666,0.041666666666666664,0.4061559232910975,0.10145098491905226,0.0155,0.0,0.08104,0.20127909633225405,0.5081478342000257
0.15,0.5416666666666666,0.08333333333333333,0.39556345662693987,0.09880544285020117,0.00994,0.0,0.09136,0.22211242966558742,0.5081478342000257
0.15,0.5416666666666666,0.125,0.3849709899627822,0.09615990078135007,0.00597,0.0,0.10335,0.24294576299892076,0.5081478342000257
0.15,0.5416666666666666,0.16666666666666666,0.3743785232986245,0.09351435871249898,0.00361,0.0,0.11752,0.26377909633225405,0.5081478342000257
0.15,0.5416666666666666,0.20833333333333331,0.3637860566344667,0.09086881664364789,0.0021,0.0,0.13365,0.2846124296655874,0.5081478342000257
0.15,0.5416666666666666,0.25,0.3531935899703091,0.08822327457479681,0.00112,0.0,0.15188,0.3054457629989208,0.5081478342000257
0.15,0.5416666666666666,0.29166666666666663,0.3426011233061515,0.08557773250594572,0.00054,0.0,0.17292,0.32627909633225405,0.5081478342000257
0.15,0.5416666666666666,0.3333333333333333,0.3320086566419938,0.08293219043709461,0.0002,0.0,0.19727,0.3471124296655874,0.5081478342000257
0.15,0.5416666666666666,0.375,0.32141618997783605,0.08028664836824354,5e-05,0.0,0.22406,0.3679457629989207,0.5081478342000257
0.15,0.5416666666666666,0.41666666666666663,0.3108237233136784,0.07764110629939244,0.0,0.0,0.25574,0.38877909633225405,0.5081478342000257
0.15,0.5416666666666666,0.4583333333333333,0.3002312566495207,0.07499556423054135,0.0,0.0,0.29038,0.4096124296655875,0.5081478342000257
0.15,0.5416666666666666,0.5,0.289638789985363,0.07235002216169027,0.0,0.0,0.3307,0.4304457629989207,0.5081478342000257
0.15,0.5416666666666666,0.5416666666666666,0.2790463233212053,0.06970448009283918,0.0,0.0,0.37449,0.45127909633225405,0.5081478342000257
0.15,0.5416666666666666,0.5833333333333333,0.26845385665704774,0.06705893802398807,0.0,0.0,0.42237,0.4721124296655874,0.5081478342000257
0.15,0.5416666666666666,0.625,0.25786138999289004,0.06441339595513698,0.0,0.0,0.47575,0.4929457629989207,0.5081478342000257
0.15,0.5416666666666666,0.6666666666666666,0.24726892332873235,0.0617678538862859,0.0,0.0,0.53348,0.513779096332254,0.5081478342000257
0.15,0.5416666666666666,0.7083333333333333,0.23667645666457465,0.05912231181743481,0.0,0.0,0.59315,0.5346124296655874,0.5081478342000257
0.15,0.5416666666666666,0.75,0.22608399000041698,0.05647676974858372,0.0,0.0,0.65323,0.5554457629989207,0.5081478342000257
0.15,0.5416666666666666,0.7916666666666666,0.21549152333625932,0.05383122767973262,0.0,0.0,0.71341,0.576279096332254,0.5081478342000257
0.15,0.5416666666666666,0.8333333333333333,0.20489905667210165,0.051185685610881534,0.0,0.0,0.77,0.5971124296655874,0.5081478342000257
0.15,0.5416666666666666,0.875,0.19430659000794395,0.04854014354203045,0.0,0.0,0.82113,0.6179457629989207,0.5081478342000257
0.15,0.5416666666666666,0.9166666666666666,0.18371412334378626,0.04589460147317936,0.0,0.0,0.86647,0.638779096332254,0.5081478342000257
0.15,0.5416666666666666,0.9583333333333333,0.1731216566796286,0.04324905940432826,0.0,0.0,0.9049,0.6596124296655875,0.5081478342000257
0.15,0.5416666666666666,1.0,0.16252919001547092,0.04060351733547717,0.0,0.0,0.93621,0.6804457629989207,0.5081478342000257
0.15,0.5833333333333333,0.0,0.4148417459557068,0.10362032941551017,0.0212,0.0,0.07287,0.18419576299892076,0.5081478342000257
0.15,0.5833333333333333,0.041666666666666664,0.4042492792915491,0.10097478734665907,0.01443,0.0,0.08281,0.20502909633225413,0.5081478342000257
0.15,0.5833333333333333,0.08333333333333333,0.3936568126273915,0.09832924527780798,0.00903,0.0,0.09333,0.2258624296655874,0.5081478342000257
0.15,0.5833333333333333,0.125,0.38306434596323374,0.09568370320895689,0.00546,0.0,0.10588,0.24669576299892076,0.5081478342000257
0.15,0.5833333333333333,0.16666666666666666,0.37247187929907605,0.09303816114010578,0.00325,0.0,0.12065,0.26752909633225413,0.5081478342000257
0.15,0.5833333333333333,0.20833333333333331,0.3618794126349184,0.0903926190712547,0.00186,0.0,0.1368,0.2883624296655874,0.5081478342000257
0.15,0.5833333333333333,0.25,0.3512869459707607,0.0877470770024036,0.00095,0.0,0.15541,0.30919576299892076,0.5081478342000257
0.15,0.5833333333333333,0.29166666666666663,0.340694479306603,0.08510153493355253,0.00046,0.0,0.17677,0.33002909633225413,0.5081478342000257
0.15,0.5833333333333333,0.3333333333333333,0.3301020126424453,0.08245599286470144,0.00015,0.0,0.20193,0.3508624296655874,0.5081478342000257
0.15,0.5833333333333333,0.375,0.31950954597828773,0.07981045079585034,2e-05,0.0,0.2296,0.37169576299892076,0.5081478342000257
0.15,0.5833333333333333,0.41666666666666663,0.30891707931413004,0.07716490872699924,0.0,0.0,0.26168,0.39252909633225413,0.5081478342000257
0.15,0.5833333333333333,0.4583333333333333,0.29832461264997234,0.07451936665814815,0.0,0.0,0.29742,0.4133624296655874,0.5081478342000257
0.15,0.5833333333333333,0.5,0.2877321459858147,0.07187382458929707,0.0,0.0,0.33909,0.43419576299892076,0.5081478342000257
0.15,0.5833333333333333,0.5416666666666666,0.277139679321657,0.06922828252044598,0.0,0.0,0.38272,0.45502909633225413,0.5081478342000257
0.15,0.5833333333333333,0.5833333333333333,0.2665472126574993,0.06658274045159489,0.0,0.0,0.43211,0.47586242966558734,0.5081478342000257
0.15,0.5833333333333333,0.625,0.2559547459933416,0.0639371983827438,0.0,0.0,0.48567,0.4966957629989207,0.5081478342000257
0.15,0.5833333333333333,0.6666666666666666,0.24536227932918395,0.061291656313892696,0.0,0.0,0.54442,0.5175290963322541,0.5081478342000257
0.15,0.5833333333333333,0.7083333333333333,0.23476981266502633,0.05864611424504162,0.0,0.0,0.60384,0.5383624296655873,0.5081478342000257
0.15,0.5833333333333333,0.75,0.22417734600086855,0.056000572176190526,0.0,0.0,0.66444,0.5591957629989207,0.5081478342000257
0.15,0.5833333333333333,0.7916666666666666,0.21358487933671091,0.05335503010733943,0.0,0.0,0.72416,0.5800290963322541,0.5081478342000257
0.15,0.5833333333333333,0.8333333333333333,0.20299241267255325,0.05070948803848834,0.0,0.0,0.78004,0.6008624296655873,0.5081478342000257
0.15,0.5833333333333333,0.875,0.19239994600839555,0.04806394596963724,0.0,0.0,0.8298,0.6216957629989207,0.5081478342000257
0.15,0.5833333333333333,0.9166666666666666,0.18180747934423788,0.04541840390078615,0.0,0.0,0.87365,0.6425290963322541,0.5081478342000257
0.15,0.5833333333333333,0.9583333333333333,0.17121501268008024,0.04277286183193506,0.0,0.0,0.91126,0.6633624296655874,0.5081478342000257
0.15,0.5833333333333333,1.0,0.16062254601592252,0.04012731976308397,0.0,0.0,0.94125,0.6841957629989207,0.5081478342000257
0.15,0.625,0.0,0.41293510195615846,0.10314413184311695,0.01985,0.0,0.07461,0.18794576299892077,0.5081478342000257
0.15,0.625,0.041666666666666664,0.40234263529200076,0.10049858977426587,0.01331,0.0,0.08471,0.20877909633225408,0.5081478342000257
0.15,0.625,0.08333333333333333,0.39175016862784307,0.0978530477054148,0.00826,0.0,0.09561,0.2296124296655874,0.5081478342000257
0.15,0.625,0.125,0.38115770196368537,0.09520750563656369,0.00492,0.0,0.10846,0.25044576299892074,0.5081478342000257
0.15,0.625,0.16666666666666666,0.37056523529952773,0.0925619635677126,0.00294,0.0,0.12322,0.2712790963322541,0.5081478342000257
0.15,0.625,0.20833333333333331,0.35997276863537003,0.08991642149886153,0.00169,0.0,0.14001,0.2921124296655874,0.5081478342000257
0.15,0.625,0.25,0.34938030197121234,0.08727087943001041,0.00082,0.0,0.15884,0.31294576299892074,0.5081478342000257
0.15,0.625,0.29166666666666663,0.3387878353070547,0.08462533736115933,0.00036,0.0,0.18108,0.33377909633225405,0.5081478342000257
0.15,0.625,0.3333333333333333,0.328195368642897,0.08197979529230823,0.00012,0.0,0.20649,0.3546124296655874,0.5081478342000257
0.15,0.625,0.375,0.3176029019787393,0.07933425322345715,1e-05,0.0,0.23477,0.37544576299892074,0.5081478342000257
0.15,0.625,0.41666666666666663,0.3070104353145816,0.07668871115460604,0.0,0.0,0.26766,0.39627909633225405,0.5081478342000257
0.15,0.625,0.4583333333333333,0.29641796865042397,0.07404316908575496,0.0,0.0,0.30468,0.4171124296655874,0.5081478342000257
0.15,0.625,0.5,0.2858255019862663,0.07139762701690386,0.0,0.0,0.34685,0.43794576299892074,0.5081478342000257
0.15,0.625,0.5416666666666666,0.27523303532210863,0.06875208494805278,0.0,0.0,0.39171,0.45877909633225405,0.5081478342000257
0.15,0.625,0.5833333333333333,0.26464056865795094,0.0661065428792017,0.0,0.0,0.44184,0.4796124296655874,0.5081478342000257
0.15,0.625,0.625,0.25404810199379324,0.0634610008103506,0.0,0.0,0.49589,0.5004457629989207,0.5081478342000257
0.15,0.625,0.6666666666666666,0.24345563532963554,0.060815458741499503,0.0,0.0,0.55462,0.521279096332254,0.5081478342000257
0.15,0.625,0.7083333333333333,0.2328631686654779,0.05816991667264841,0.0,0.0,0.61408,0.5421124296655874,0.5081478342000257
0.15,0.625,0.75,0.22227070200132018,0.055524374603797326,0.0,0.0,0.67538,0.5629457629989207,0.5081478342000257
0.15,0.625,0.7916666666666666,0.21167823533716254,0.052878832534946234,0.0,0.0,0.73409,0.583779096332254,0.5081478342000257
0.15,0.625,0.8333333333333333,0.20108576867300487,0.05023329046609515,0.0,0.0,0.78958,0.6046124296655874,0.5081478342000257
0.15,0.625,0.875,0.19049330200884718,0.04758774839724405,0.0,0.0,0.83848,0.6254457629989207,0.5081478342000257
0.15,0.625,0.9166666666666666,0.1799008353446895,0.044942206328392964,0.0,0.0,0.88074,0.646279096332254,0.5081478342000257
0.15,0.625,0.9583333333333333,0.1693083686805318,0.042296664259541865,0.0,0.0,0.91697,0.6671124296655873,0.5081478342000257
0.15,0.625,1.0,0.15871590201637412,0.03965112219069077,0.0,0.0,0.94629,0.6879457629989207,0.5081478342000257
0.15,0.6666666666666666,0.0,0.4110284579566101,0.10266793427072377,0.01841,0.0,0.07637,0.19169576299892077,0.5081478342000257
0.15,0.6666666666666666,0.041666666666666664,0.40043599129245233,0.10002239220187266,0.01234,0.0,0.08648,0.21252909633225409,0.5081478342000257
0.15,0.6666666666666666,0.08333333333333333,0.3898435246282947,0.09737685013302158,0.00754,0.0,0.09747,0.2333624296655874,0.5081478342000257
0.15,0.6666666666666666,0.125,0.379251057964137,0.09473130806417047,0.00455,0.0,0.1108,0.25419576299892077,0.5081478342000257
0.15,0.6666666666666666,0.16666666666666666,0.3686585912999793,0.0920857659953194,0.00261,0.0,0.12621,0.2750290963322541,0.5081478342000257
0.15,0.6666666666666666,0.20833333333333331,0.3580661246358217,0.08944022392646832,0.00154,0.0,0.14344,0.2958624296655874,0.5081478342000257
0.15,0.6666666666666666,0.25,0.347473657971664,0.08679468185761721,0.00073,0.0,0.1626,0.31669576299892077,0.5081478342000257
0.15,0.6666666666666666,0.29166666666666663,0.3368811913075063,0.08414913978876613,0.0003,0.0,0.18534,0.33752909633225403,0.5081478342000257
0.15,0.6666666666666666,0.3333333333333333,0.32628872464334857,0.08150359771991503,0.0001,0.0,0.21122,0.3583624296655874,0.5081478342000257
0.15,0.6666666666666666,0.375,0.31569625797919093,0.07885805565106394,0.0,0.0,0.24051,0.3791957629989208,0.5081478342000257
0.15,0.6666666666666666,0.41666666666666663,0.3051037913150333,0.07621251358221286,0.0,0.0,0.27418,0.40002909633225403,0.5081478342000257
0.15,0.6666666666666666,0.4583333333333333,0.2945113246508756,0.07356697151336176,0.0,0.0,0.31173,0.4208624296655874,0.5081478342000257
0.15,0.6666666666666666,0.5,0.2839188579867179,0.07092142944451067,0.0,0.0,0.3546,0.4416957629989208,0.5081478342000257
0.15,0.6666666666666666,0.5416666666666666,0.2733263913225602,0.06827588737565958,0.0,0.0,0.40011,0.46252909633225403,0.5081478342000257
0.15,0.6666666666666666,0.5833333333333333,0.26273392465840256,0.06563034530680849,0.0,0.0,0.45152,0.4833624296655874,0.5081478342000257
0.15,0.6666666666666666,0.625,0.25214145799424487,0.06298480323795738,0.0,0.0,0.50657,0.5041957629989209,0.5081478342000257
0.15,0.6666666666666666,0.6666666666666666,0.2415489913300872,0.060339261169106324,0.0,0.0,0.56556,0.525029096332254,0.5081478342000257
0.15,0.6666666666666666,0.7083333333333333,0.2309565246659295,0.05769371910025521,0.0,0.0,0.62461,0.5458624296655874,0.5081478342000257
0.15,0.6666666666666666,0.75,0.22036405800177183,0.05504817703140412,0.0,0.0,0.68588,0.5666957629989209,0.5081478342000257
0.15,0.6666666666666666,0.7916666666666666,0.20977159133761417,0.05240263496255304,0.0,0.0,0.74439,0.587529096332254,0.5081478342000257
0.15,0.6666666666666666,0.8333333333333333,0.19917912467345647,0.049757092893701935,0.0,0.0,0.79886,0.6083624296655874,0.5081478342000257
0.15,0.6666666666666666,0.875,0.18858665800929877,0.04711155082485085,0.0,0.0,0.84625,0.6291957629989209,0.5081478342000257
0.15,0.6666666666666666,0.9166666666666666,0.1779941913451411,0.04446600875599977,0.0,0.0,0.88771,0.650029096332254,0.5081478342000257
0.15,0.6666666666666666,0.9583333333333333,0.16740172468098344,0.041820466687148665,0.0,0.0,0.9225,0.6708624296655874,0.5081478342000257
0.15,0.6666666666666666,1.0,0.15680925801682574,0.03917492461829757,0.0,0.0,0.95091,0.6916957629989209,0.5081478342000257
0.15,0.7083333333333333,0.0,0.4091218139570616,0.10219173669833057,0.01721,0.0,0.07832,0.19544576299892077,0.5081478342000257
0.15,0.7083333333333333,0.041666666666666664,0.398529347292904,0.09954619462947947,0.01134,0.0,0.08861,0.2162790963322541,0.5081478342000257
0.15,0.7083333333333333,0.08333333333333333,0.3879368806287463,0.09690065256062838,0.00692,0.0,0.09947,0.2371124296655874,0.5081478342000257
0.15,0.7083333333333333,0.125,0.3773444139645886,0.0942551104917773,0.00406,0.0,0.1133,0.25794576299892075,0.5081478342000257
0.15,0.7083333333333333,0.16666666666666666,0.3667519473004309,0.09160956842292621,0.00238,0.0,0.12904,0.27877909633225406,0.5081478342000257
0.15,0.7083333333333333,0.20833333333333331,0.35615948063627334,0.0889640263540751,0.00136,0.0,0.1466,0.29961242966558743,0.5081478342000257
0.15,0.7083333333333333,0.25,0.34556701397211553,0.08631848428522403,0.00068,0.0,0.16651,0.32044576299892075,0.5081478342000257
0.15,0.7083333333333333,0.29166666666666663,0.3349745473079579,0.08367294221637292,0.00024,0.0,0.18992,0.3412790963322541,0.5081478342000257
0.15,0.7083333333333333,0.3333333333333333,0.3243820806438002,0.08102740014752184,0.0001,0.0,0.2162,0.36211242966558743,0.5081478342000257
0.15,0.7083333333333333,0.375,0.31378961397964256,0.07838185807867075,0.0,0.0,0.24631,0.38294576299892075,0.5081478342000257
0.15,0.7083333333333333,0.41666666666666663,0.30319714731548486,0.07573631600981966,0.0,0.0,0.28063,0.4037790963322541,0.5081478342000257
0.15,0.7083333333333333,0.4583333333333333,0.29260468065132716,0.07309077394096858,0.0,0.0,0.31886,0.42461242966558743,0.5081478342000257
0.15,0.7083333333333333,0.5,0.28201221398716947,0.07044523187211747,0.0,0.0,0.36237,0.44544576299892075,0.5081478342000257
0.15,0.7083333333333333,0.5416666666666666,0.27141974732301183,0.06779968980326638,0.0,0.0,0.40873,0.4662790963322541,0.5081478342000257
0.15,0.7083333333333333,0.5833333333333333,0.26082728065885413,0.06515414773441529,0.0,0.0,0.46072,0.48711242966558743,0.5081478342000257
0.15,0.7083333333333333,0.625,0.25023481399469644,0.0625086056655642,0.0,0.0,0.51725,0.5079457629989208,0.5081478342000257
0.15,0.7083333333333333,0.6666666666666666,0.23964234733053882,0.05986306359671311,0.0,0.0,0.57611,0.5287790963322542,0.5081478342000257
0.15,0.7083333333333333,0.7083333333333333,0.22904988066638113,0.05721752152786202,0.0,0.0,0.63581,0.5496124296655874,0.5081478342000257
0.15,0.7083333333333333,0.75,0.21845741400222346,0.054571979459010926,0.0,0.0,0.69666,0.5704457629989208,0.5081478342000257
0.15,0.7083333333333333,0.7916666666666666,0.20786494733806576,0.051926437390159834,0.0,0.0,0.75488,0.5912790963322542,0.5081478342000257
0.15,0.7083333333333333,0.8333333333333333,0.1972724806739081,0.049280895321308756,0.0,0.0,0.80783,0.6121124296655873,0.5081478342000257
0.15,0.7083333333333333,0.875,0.18668001400975046,0.04663535325245766,0.0,0.0,0.85421,0.6329457629989208,0.5081478342000257
0.15,0.7083333333333333,0.9166666666666666,0.17608754734559276,0.043989811183606564,0.0,0.0,0.89487,0.6537790963322541,0.5081478342000257
0.15,0.7083333333333333,0.9583333333333333,0.16549508068143506,0.04134426911475548,0.0,0.0,0.92774,0.6746124296655872,0.5081478342000257
0.15,0.7083333333333333,1.0,0.15490261401727742,0.03869872704590439,0.0,0.0,0.95502,0.6954457629989207,0.5081478342000257
0.15,0.75,0.0,0.4072151699575133,0.10171553912593738,0.01604,0.0,0.07996,0.19919576299892075,0.5081478342000257
0.15,0.75,0.041666666666666664,0.3966227032933556,0.09906999705708629,0.01048,0.0,0.09045,0.2200290963322541,0.5081478342000257
0.15,0.75,0.08333333333333333,0.3860302366291979,0.0964244549882352,0.00623,0.0,0.10192,0.2408624296655874,0.5081478342000257
0.15,0.75,0.125,0.3754377699650403,0.09377891291938409,0.00376,0.0,0.11599,0.2616957629989208,0.5081478342000257
0.15,0.75,0.16666666666666666,0.3648453033008826,0.09113337085053301,0.00219,0.0,0.13194,0.2825290963322541,0.5081478342000257
0.15,0.75,0.20833333333333331,0.3542528366367248,0.0884878287816819,0.0012,0.0,0.14983,0.30336242966558746,0.5081478342000257
0.15,0.75,0.25,0.3436603699725672,0.08584228671283083,0.00058,0.0,0.17067,0.3241957629989207,0.5081478342000257
0.15,0.75,0.29166666666666663,0.3330679033084095,0.08319674464397975,0.00022,0.0,0.1947,0.34502909633225415,0.5081478342000257
0.15,0.75,0.3333333333333333,0.3224754366442518,0.08055120257512864,5e-05,0.0,0.22125,0.3658624296655874,0.5081478342000257
0.15,0.75,0.375,0.3118829699800942,0.07790566050627755,0.0,0.0,0.25223,0.3866957629989208,0.5081478342000257
0.15,0.75,0.41666666666666663,0.3012905033159365,0.07526011843742646,0.0,0.0,0.28686,0.40752909633225415,0.5081478342000257
0.15,0.75,0.4583333333333333,0.29069803665177885,0.07261457636857536,0.0,0.0,0.32653,0.4283624296655874,0.5081478342000257
0.15,0.75,0.5,0.28010556998762115,0.06996903429972429,0.0,0.0,0.37011,0.4491957629989208,0.5081478342000257
0.15,0.75,0.5416666666666666,0.26951310332346345,0.0673234922308732,0.0,0.0,0.41716,0.47002909633225415,0.5081478342000257
0.15,0.75,0.5833333333333333,0.2589206366593058,0.0646779501620221,0.0,0.0,0.47044,0.4908624296655874,0.5081478342000257
0.15,0.75,0.625,0.24832816999514812,0.06203240809317101,0.0,0.0,0.52767,0.5116957629989207,0.5081478342000257
0.15,0.75,0.6666666666666666,0.23773570333099045,0.05938686602431992,0.0,0.0,0.58682,0.5325290963322541,0.5081478342000257
0.15,0.75,0.7083333333333333,0.22714323666683275,0.05674132395546883,0.0,0.0,0.64755,0.5533624296655874,0.5081478342000257
0.15,0.75,0.75,0.21655077000267506,0.05409578188661773,0.0,0.0,0.7073,0.5741957629989207,0.5081478342000257
0.15,0.75,0.7916666666666666,0.2059583033385174,0.05145023981776664,0.0,0.0,0.76491,0.5950290963322541,0.5081478342000257
0.15,0.75,0.8333333333333333,0.19536583667435975,0.04880469774891555,0.0,0.0,0.81658,0.6158624296655874,0.5081478342000257
0.15,0.75,0.875,0.18477337001020205,0.046159155680064456,0.0,0.0,0.86173,0.6366957629989207,0.5081478342000257
0.15,0.75,0.9166666666666666,0.17418090334604436,0.04351361361121336,0.0,0.0,0.90144,0.6575290963322541,0.5081478342000257
0.15,0.75,0.9583333333333333,0.16358843668188672,0.04086807154236228,0.0,0.0,0.93329,0.6783624296655874,0.5081478342000257
0.15,0.75,1.0,0.15299597001772902,0.03822252947351119,0.0,0.0,0.95895,0.6991957629989207,0.5081478342000257
0.15,0.7916666666666666,0.0,0.4053085259579649,0.10123934155354418,0.01506,0.0,0.08197,0.20294576299892075,0.5081478342000257
0.15,0.7916666666666666,0.041666666666666664,0.3947160592938072,0.09859379948469309,0.00953,0.0,0.09223,0.2237790963322541,0.5081478342000257
0.15,0.7916666666666666,0.08333333333333333,0.3841235926296495,0.095948257415842,0.00574,0.0,0.10439,0.2446124296655874,0.5081478342000257
0.15,0.7916666666666666,0.125,0.3735311259654918,0.0933027153469909,0.00346,0.0,0.11879,0.26544576299892075,0.5081478342000257
0.15,0.7916666666666666,0.16666666666666666,0.3629386593013342,0.09065717327813981,0.00204,0.0,0.13486,0.28627909633225407,0.5081478342000257
0.15,0.7916666666666666,0.20833333333333331,0.3523461926371766,0.08801163120928872,0.00102,0.0,0.15347,0.3071124296655874,0.5081478342000257
0.15,0.7916666666666666,0.25,0.3417537259730189,0.08536608914043764,0.00051,0.0,0.1746,0.3279457629989208,0.5081478342000257
0.15,0.7916666666666666,0.29166666666666663,0.3311612593088612,0.08272054707158655,0.00017,0.0,0.19945,0.34877909633225407,0.5081478342000257
0.15,0.7916666666666666,0.3333333333333333,0.3205687926447035,0.08007500500273546,3e-05,0.0,0.22642,0.3696124296655874,0.5081478342000257
0.15,0.7916666666666666,0.375,0.3099763259805458,0.07742946293388435,0.0,0.0,0.2584,0.3904457629989208,0.5081478342000257
0.15,0.7916666666666666,0.41666666666666663,0.2993838593163881,0.07478392086503326,0.0,0.0,0.29334,0.41127909633225407,0.5081478342000257
0.15,0.7916666666666666,0.4583333333333333,0.2887913926522304,0.07213837879618218,0.0,0.0,0.33438,0.4321124296655874,0.5081478342000257
0.15,0.7916666666666666,0.5,0.2781989259880727,0.06949283672733109,0.0,0.0,0.37816,0.45294576299892075,0.5081478342000257
0.15,0.7916666666666666,0.5416666666666666,0.2676064593239151,0.06684729465848,0.0,0.0,0.4269,0.4737790963322541,0.5081478342000257
0.15,0.7916666666666666,0.5833333333333333,0.2570139926597574,0.0642017525896289,0.0,0.0,0.47967,0.4946124296655874,0.5081478342000257
0.15,0.7916666666666666,0.625,0.2464215259955997,0.0615562105207778,0.0,0.0,0.53833,0.5154457629989209,0.5081478342000257
0.15,0.7916666666666666,0.6666666666666666,0.23582905933144205,0.058910668451926725,0.0,0.0,0.59793,0.536279096332254,0.5081478342000257
0.15,0.7916666666666666,0.7083333333333333,0.22523659266728435,0.05626512638307563,0.0,0.0,0.65807,0.5571124296655874,0.5081478342000257
0.15,0.7916666666666666,0.75,0.21464412600312666,0.05361958431422454,0.0,0.0,0.71829,0.5779457629989208,0.5081478342000257
0.15,0.7916666666666666,0.7916666666666666,0.20405165933896902,0.05097404224537344,0.0,0.0,0.77446,0.598779096332254,0.5081478342000257
0.15,0.7916666666666666,0.8333333333333333,0.19345919267481135,0.048328500176522356,0.0,0.0,0.82493,0.6196124296655874,0.5081478342000257
0.15,0.7916666666666666,0.875,0.18286672601065362,0.04568295810767126,0.0,0.0,0.86949,0.6404457629989208,0.5081478342000257
0.15,0.7916666666666666,0.9166666666666666,0.172274259346496,0.04303741603882017,0.0,0.0,0.90796,0.661279096332254,0.5081478342000257
0.15,0.7916666666666666,0.9583333333333333,0.16168179268233832,0.040391873969969086,0.0,0.0,0.93851,0.6821124296655874,0.5081478342000257
0.15,0.7916666666666666,1.0,0.15108932601818062,0.03774633190111798,0.0,0.0,0.96272,0.7029457629989206,0.5081478342000257
0.15,0.8333333333333333,0.0,0.4034018819584165,0.10076314398115097,0.0139,0.0,0.08366,0.20669576299892076,0.5081478342000257
0.15,0.8333333333333333,0.041666666666666664,0.3928094152942588,0.09811760191229989,0.00864,0.0,0.09443,0.22752909633225407,0.5081478342000257
0.15,0.8333333333333333,0.08333333333333333,0.3822169486301011,0.09547205984344881,0.00516,0.0,0.10686,0.24836242966558741,0.5081478342000257
0.15,0.8333333333333333,0.125,0.3716244819659435,0.0928265177745977,0.00315,0.0,0.12184,0.2691957629989208,0.5081478342000257
0.15,0.8333333333333333,0.16666666666666666,0.36103201530178575,0.09018097570574661,0.0018,0.0,0.13809,0.2900290963322541,0.5081478342000257
0.15,0.8333333333333333,0.20833333333333331,0.3504395486376281,0.08753543363689552,0.00087,0.0,0.15691,0.3108624296655874,0.5081478342000257
0.15,0.8333333333333333,0.25,0.33984708197347047,0.08488989156804444,0.00043,0.0,0.17862,0.3316957629989207,0.5081478342000257
0.15,0.8333333333333333,0.29166666666666663,0.32925461530931277,0.08224434949919333,0.00013,0.0,0.2039,0.3525290963322541,0.5081478342000257
0.15,0.8333333333333333,0.3333333333333333,0.3186621486451551,0.07959880743034226,2e-05,0.0,0.23198,0.37336242966558747,0.5081478342000257
0.15,0.8333333333333333,0.375,0.30806968198099743,0.07695326536149116,0.0,0.0,0.2642,0.3941957629989208,0.5081478342000257
0.15,0.8333333333333333,0.41666666666666663,0.29747721531683974,0.07430772329264007,0.0,0.0,0.30082,0.4150290963322541,0.5081478342000257
0.15,0.8333333333333333,0.4583333333333333,0.28688474865268204,0.07166218122378898,0.0,0.0,0.34245,0.43586242966558747,0.5081478342000257
0.15,0.8333333333333333,0.5,0.27629228198852435,0.06901663915493789,0.0,0.0,0.38669,0.4566957629989207,0.5081478342000257
0.15,0.8333333333333333,0.5416666666666666,0.2656998153243667,0.06637109708608681,0.0,0.0,0.43643,0.4775290963322541,0.5081478342000257
0.15,0.8333333333333333,0.5833333333333333,0.255107348660209,0.06372555501723572,0.0,0.0,0.48997,0.4983624296655874,0.5081478342000257
0.15,0.8333333333333333,0.625,0.24451488199605134,0.06108001294838461,0.0,0.0,0.54885,0.5191957629989208,0.5081478342000257
0.15,0.8333333333333333,0.6666666666666666,0.23392241533189367,0.05843447087953353,0.0,0.0,0.60858,0.5400290963322542,0.5081478342000257
0.15,0.8333333333333333,0.7083333333333333,0.22332994866773603,0.055788928810682425,0.0,0.0,0.66904,0.5608624296655874,0.5081478342000257
0.15,0.8333333333333333,0.75,0.21273748200357834,0.05314338674183135,0.0,0.0,0.72849,0.5816957629989207,0.5081478342000257
0.15,0.8333333333333333,0.7916666666666666,0.20214501533942064,0.05049784467298025,0.0,0.0,0.78418,0.6025290963322542,0.5081478342000257
0.15,0.8333333333333333,0.8333333333333333,0.19155254867526295,0.047852302604129156,0.0,0.0,0.83366,0.6233624296655875,0.5081478342000257
0.15,0.8333333333333333,0.875,0.18096008201110525,0.045206760535278064,0.0,0.0,0.87714,0.6441957629989208,0.5081478342000257
0.15,0.8333333333333333,0.9166666666666666,0.17036761534694764,0.04256121846642697,0.0,0.0,0.91382,0.6650290963322542,0.5081478342000257
0.15,0.8333333333333333,0.9583333333333333,0.1597751486827899,0.03991567639757588,0.0,0.0,0.9435,0.6858624296655874,0.5081478342000257
0.15,0.8333333333333333,1.0,0.14918268201863222,0.03727013432872479,0.0,0.0,0.96641,0.7066957629989207,0.5081478342000257
0.15,0.875,0.0,0.4014952379588681,0.10028694640875778,0.01293,0.0,0.08543,0.21044576299892076,0.5081478342000257
0.15,0.875,0.041666666666666664,0.39090277129471046,0.09764140433990669,0.00798,0.0,0.09646,0.23127909633225413,0.5081478342000257
0.15,0.875,0.08333333333333333,0.3803103046305527,0.0949958622710556,0.00476,0.0,0.10951,0.25211242966558745,0.5081478342000257
0.15,0.875,0.125,0.369717837966395,0.09235032020220452,0.00277,0.0,0.12457,0.27294576299892076,0.5081478342000257
0.15,0.875,0.16666666666666666,0.3591253713022374,0.08970477813335342,0.00159,0.0,0.14155,0.2937790963322541,0.5081478342000257
0.15,0.875,0.20833333333333331,0.3485329046380798,0.08705923606450233,0.00079,0.0,0.1603,0.3146124296655874,0.5081478342000257
0.15,0.875,0.25,0.33794043797392204,0.08441369399565125,0.00032,0.0,0.18284,0.33544576299892076,0.5081478342000257
0.15,0.875,0.29166666666666663,0.32734797130976434,0.08176815192680015,0.0001,0.0,0.20853,0.35627909633225413,0.5081478342000257
0.15,0.875,0.3333333333333333,0.3167555046456067,0.07912260985794906,0.0,0.0,0.23739,0.3771124296655874,0.5081478342000257
0.15,0.875,0.375,0.306163037981449,0.07647706778909795,0.0,0.0,0.27059,0.39794576299892076,0.5081478342000257
0.15,0.875,0.41666666666666663,0.2955705713172913,0.07383152572024688,0.0,0.0,0.3079,0.41877909633225413,0.5081478342000257
0.15,0.875,0.4583333333333333,0.28497810465313367,0.07118598365139578,0.0,0.0,0.3504,0.4396124296655874,0.5081478342000257
0.15,0.875,0.5,0.27438563798897597,0.06854044158254469,0.0,0.0,0.39545,0.46044576299892076,0.5081478342000257
0.15,0.875,0.5416666666666666,0.26379317132481833,0.0658948995136936,0.0,0.0,0.44596,0.48127909633225413,0.5081478342000257
0.15,0.875,0.5833333333333333,0.25320070466066064,0.06324935744484252,0.0,0.0,0.50063,0.5021124296655874,0.5081478342000257
0.15,0.875,0.625,0.24260823799650294,0.06060381537599141,0.0,0.0,0.55925,0.5229457629989208,0.5081478342000257
0.15,0.875,0.6666666666666666,0.23201577133234524,0.057958273307140325,0.0,0.0,0.61906,0.5437790963322541,0.5081478342000257
0.15,0.875,0.7083333333333333,0.2214233046681876,0.05531273123828923,0.0,0.0,0.68007,0.5646124296655874,0.5081478342000257
0.15,0.875,0.75,0.2108308380040299,0.05266718916943813,0.0,0.0,0.73842,0.5854457629989208,0.5081478342000257
0.15,0.875,0.7916666666666666,0.20023837133987224,0.05002164710058704,0.0,0.0,0.79381,0.6062790963322541,0.5081478342000257
0.15,0.875,0.8333333333333333,0.1896459046757146,0.04737610503173597,0.0,0.0,0.84213,0.6271124296655873,0.5081478342000257
0.15,0.875,0.875,0.1790534380115569,0.04473056296288487,0.0,0.0,0.88381,0.6479457629989208,0.5081478342000257
0.15,0.875,0.9166666666666666,0.16846097134739918,0.04208502089403378,0.0,0.0,0.91939,0.6687790963322541,0.5081478342000257
0.15,0.875,0.9583333333333333,0.15786850468324157,0.03943947882518269,0.0,0.0,0.94847,0.6896124296655872,0.5081478342000257
0.15,0.875,1.0,0.14727603801908387,0.036793936756331594,0.0,0.0,0.96968,0.7104457629989207,0.5081478342000257
0.15,0.9166666666666666,0.0,0.3995885939593198,0.09981074883636458,0.01194,0.0,0.08744,0.21419576299892076,0.5081478342000257
0.15,0.9166666666666666,0.041666666666666664,0.38899612729516214,0.09716520676751349,0.00725,0.0,0.09832,0.23502909633225405,0.5081478342000257
0.15,0.9166666666666666,0.08333333333333333,0.3784036606310044,0.09451966469866242,0.00437,0.0,0.11189,0.2558624296655874,0.5081478342000257
0.15,0.9166666666666666,0.125,0.3678111939668467,0.09187412262981132,0.00253,0.0,0.12747,0.2766957629989208,0.5081478342000257
0.15,0.9166666666666666,0.16666666666666666,0.35721872730268905,0.08922858056096021,0.00144,0.0,0.1447,0.29752909633225405,0.5081478342000257
0.15,0.9166666666666666,0.20833333333333331,0.34662626063853136,0.08658303849210916,0.00071,0.0,0.16432,0.31836242966558737,0.5081478342000257
0.15,0.9166666666666666,0.25,0.3360337939743737,0.08393749642325804,0.00029,0.0,0.18738,0.3391957629989207,0.5081478342000257
0.15,0.9166666666666666,0.29166666666666663,0.325441327310216,0.08129195435440695,0.0001,0.0,0.2134,0.36002909633225405,0.5081478342000257
0.15,0.9166666666666666,0.3333333333333333,0.3148488606460583,0.07864641228555587,0.0,0.0,0.2432,0.3808624296655874,0.5081478342000257
0.15,0.9166666666666666,0.375,0.30425639398190063,0.07600087021670478,0.0,0.0,0.27695,0.4016957629989208,0.5081478342000257
0.15,0.9166666666666666,0.41666666666666663,0.293663927317743,0.07335532814785367,0.0,0.0,0.31488,0.42252909633225405,0.5081478342000257
0.15,0.9166666666666666,0.4583333333333333,0.2830714606535853,0.07070978607900259,0.0,0.0,0.35785,0.4433624296655874,0.5081478342000257
0.15,0.9166666666666666,0.5,0.2724789939894276,0.06806424401015149,0.0,0.0,0.40405,0.46419576299892085,0.5081478342000257
0.15,0.9166666666666666,0.5416666666666666,0.2618865273252699,0.06541870194130041,0.0,0.0,0.45549,0.48502909633225405,0.5081478342000257
0.15,0.9166666666666666,0.5833333333333333,0.25129406066111226,0.06277315987244932,0.0,0.0,0.51154,0.5058624296655874,0.5081478342000257
0.15,0.9166666666666666,0.625,0.24070159399695457,0.060127617803598224,0.0,0.0,0.5699,0.5266957629989208,0.5081478342000257
0.15,0.9166666666666666,0.6666666666666666,0.23010912733279693,0.05748207573474713,0.0,0.0,0.62961,0.547529096332254,0.5081478342000257
0.15,0.9166666666666666,0.7083333333333333,0.21951666066863923,0.05483653366589604,0.0,0.0,0.69075,0.5683624296655874,0.5081478342000257
0.15,0.9166666666666666,0.75,0.20892419400448153,0.05219099159704494,0.0,0.0,0.7489,0.5891957629989208,0.5081478342000257
0.15,0.9166666666666666,0.7916666666666666,0.1983317273403239,0.049545449528193855,0.0,0.0,0.80296,0.610029096332254,0.5081478342000257
0.15,0.9166666666666666,0.8333333333333333,0.1877392606761662,0.04689990745934277,0.0,0.0,0.84984,0.6308624296655874,0.5081478342000257
0.15,0.9166666666666666,0.875,0.1771467940120085,0.044254365390491664,0.0,0.0,0.89073,0.6516957629989207,0.5081478342000257
0.15,0.9166666666666666,0.9166666666666666,0.16655432734785086,0.04160882332164059,0.0,0.0,0.92479,0.672529096332254,0.5081478342000257
0.15,0.9166666666666666,0.9583333333333333,0.15596186068369317,0.03896328125278949,0.0,0.0,0.95282,0.6933624296655874,0.5081478342000257
0.15,0.9166666666666666,1.0,0.14536939401953547,0.036317739183938394,0.0,0.0,0.9732,0.7141957629989208,0.5081478342000257
0.15,0.9583333333333333,0.0,0.39768194995977135,0.09933455126397141,0.01087,0.0,0.08934,0.21794576299892077,0.5081478342000257
0.15,0.9583333333333333,0.041666666666666664,0.38708948329561377,0.0966890091951203,0.00658,0.0,0.1005,0.23877909633225405,0.5081478342000257
0.15,0.9583333333333333,0.08333333333333333,0.37649701663145607,0.09404346712626921,0.00396,0.0,0.1145,0.2596124296655874,0.5081478342000257
0.15,0.9583333333333333,0.125,0.3659045499672984,0.09139792505741813,0.00231,0.0,0.13048,0.2804457629989207,0.5081478342000257
0.15,0.9583333333333333,0.16666666666666666,0.3553120833031407,0.08875238298856704,0.00128,0.0,0.14804,0.3012790963322541,0.5081478342000257
0.15,0.9583333333333333,0.20833333333333331,0.344719616638983,0.08610684091971595,0.00062,0.0,0.16845,0.3221124296655874,0.5081478342000257
0.15,0.9583333333333333,0.25,0.3341271499748253,0.08346129885086484,0.00023,0.0,0.19192,0.3429457629989207,0.5081478342000257
0.15,0.9583333333333333,0.29166666666666663,0.32353468331066765,0.08081575678201376,7e-05,0.0,0.21853,0.363779096332254,0.5081478342000257
0.15,0.9583333333333333,0.3333333333333333,0.31294221664650995,0.07817021471316266,0.0,0.0,0.24888,0.3846124296655874,0.5081478342000257
0.15,0.9583333333333333,0.375,0.3023497499823523,0.07552467264431158,0.0,0.0,0.28329,0.4054457629989207,0.5081478342000257
0.15,0.9583333333333333,0.41666666666666663,0.2917572833181946,0.07287913057546049,0.0,0.0,0.32232,0.42627909633225397,0.5081478342000257
0.15,0.9583333333333333,0.4583333333333333,0.2811648166540369,0.07023358850660938,0.0,0.0,0.36578,0.4471124296655874,0.5081478342000257
0.15,0.9583333333333333,0.5,0.2705723499898792,0.0675880464377583,0.0,0.0,0.41247,0.4679457629989207,0.5081478342000257
0.15,0.9583333333333333,0.5416666666666666,0.2599798833257216,0.06494250436890721,0.0,0.0,0.46503,0.488779096332254,0.5081478342000257
0.15,0.9583333333333333,0.5833333333333333,0.2493874166615639,0.06229696230005612,0.0,0.0,0.52191,0.5096124296655873,0.5081478342000257
0.15,0.9583333333333333,0.625,0.23879494999740622,0.05965142023120503,0.0,0.0,0.58073,0.5304457629989207,0.5081478342000257
0.15,0.9583333333333333,0.6666666666666666,0.22820248333324852,0.05700587816235394,0.0,0.0,0.64119,0.551279096332254,0.5081478342000257
0.15,0.9583333333333333,0.7083333333333333,0.21761001666909088,0.054360336093502847,0.0,0.0,0.7014,0.5721124296655873,0.5081478342000257
0.15,0.9583333333333333,0.75,0.20701755000493316,0.05171479402465175,0.0,0.0,0.75926,0.5929457629989207,0.5081478342000257
0.15,0.9583333333333333,0.7916666666666666,0.19642508334077552,0.04906925195580066,0.0,0.0,0.8116,0.613779096332254,0.5081478342000257
0.15,0.9583333333333333,0.8333333333333333,0.1858326166766178,0.04642370988694956,0.0,0.0,0.85748,0.6346124296655874,0.5081478342000257
0.15,0.9583333333333333,0.875,0.1752401500124601,0.043778167818098464,0.0,0.0,0.89762,0.6554457629989207,0.5081478342000257
0.15,0.9583333333333333,0.9166666666666666,0.16464768334830246,0.04113262574924738,0.0,0.0,0.93039,0.676279096332254,0.5081478342000257
0.15,0.9583333333333333,0.9583333333333333,0.15405521668414476,0.03848708368039629,0.0,0.0,0.95681,0.6971124296655875,0.5081478342000257
0.15,0.9583333333333333,1.0,0.14346275001998707,0.035841541611545194,0.0,0.0,0.97622,0.7179457629989209,0.5081478342000257
0.15,1.0,0.0,0.39577530596022303,0.0988583536915782,0.01,0.0,0.09112,0.22169576299892077,0.5081478342000257
0.15,1.0,0.041666666666666664,0.3851828392960653,0.09621281162272712,0.006,0.0,0.10309,0.24252909633225408,0.5081478342000257
0.15,1.0,0.08333333333333333,0.3745903726319076,0.09356726955387601,0.00365,0.0,0.11714,0.2633624296655874,0.5081478342000257
0.15,1.0,0.125,0.36399790596775,0.09092172748502493,0.00213,0.0,0.13336,0.28419576299892074,0.5081478342000257
0.15,1.0,0.16666666666666666,0.3534054393035923,0.08827618541617382,0.00112,0.0,0.15157,0.30502909633225406,0.5081478342000257
0.15,1.0,0.20833333333333331,0.3428129726394346,0.08563064334732273,0.00056,0.0,0.17246,0.3258624296655874,0.5081478342000257
0.15,1.0,0.25,0.3322205059752769,0.08298510127847167,0.0002,0.0,0.19668,0.34669576299892074,0.5081478342000257
0.15,1.0,0.29166666666666663,0.3216280393111192,0.08033955920962056,5e-05,0.0,0.22349,0.3675290963322541,0.5081478342000257
0.15,1.0,0.3333333333333333,0.3110355726469616,0.07769401714076947,0.0,0.0,0.25512,0.3883624296655874,0.5081478342000257
0.15,1.0,0.375,0.3004431059828039,0.07504847507191838,0.0,0.0,0.28975,0.40919576299892074,0.5081478342000257
0.15,1.0,0.41666666666666663,0.2898506393186462,0.07240293300306729,0.0,0.0,0.32978,0.4300290963322541,0.5081478342000257
0.15,1.0,0.4583333333333333,0.2792581726544885,0.0697573909342162,0.0,0.0,0.37365,0.4508624296655874,0.5081478342000257
0.15,1.0,0.5,0.26866570599033085,0.0671118488653651,0.0,0.0,0.42128,0.47169576299892074,0.5081478342000257
0.15,1.0,0.5416666666666666,0.25807323932617315,0.06446630679651401,0.0,0.0,0.47458,0.4925290963322541,0.5081478342000257
0.15,1.0,0.5833333333333333,0.2474807726620155,0.061820764727662916,0.0,0.0,0.53241,0.5133624296655874,0.5081478342000257
0.15,1.0,0.625,0.2368883059978578,0.059175222658811824,0.0,0.0,0.59198,0.5341957629989208,0.5081478342000257
0.15,1.0,0.6666666666666666,0.22629583933370012,0.05652968058996073,0.0,0.0,0.65207,0.5550290963322542,0.5081478342000257
0.15,1.0,0.7083333333333333,0.21570337266954245,0.053884138521109654,0.0,0.0,0.71225,0.5758624296655874,0.5081478342000257
0.15,1.0,0.75,0.20511090600538476,0.051238596452258554,0.0,0.0,0.76897,0.5966957629989208,0.5081478342000257
0.15,1.0,0.7916666666666666,0.1945184393412271,0.04859305438340746,0.0,0.0,0.82025,0.6175290963322542,0.5081478342000257
0.15,1.0,0.8333333333333333,0.18392597267706945,0.04594751231455639,0.0,0.0,0.86541,0.6383624296655874,0.5081478342000257
0.15,1.0,0.875,0.17333350601291175,0.04330197024570529,0.0,0.0,0.90416,0.6591957629989207,0.5081478342000257
0.15,1.0,0.9166666666666666,0.16274103934875409,0.040656428176854185,0.0,0.0,0.93575,0.6800290963322542,0.5081478342000257
0.15,1.0,0.9583333333333333,0.15214857268459644,0.03801088610800311,0.0,0.0,0.96056,0.7008624296655874,0.5081478342000257
0.15,1.0,1.0,0.14155610602043872,0.03536534403915201,0.0,0.0,0.97873,0.7216957629989207,0.5081478342000257
0.5,0.0,0.0,0.40416453955823584,0.10095362301010825,0.01436,0.0,0.08287,0.20519576299892076,0.5081478342000257
0.5,0.0,0.041666666666666664,0.39357207289407814,0.09830808094125718,0.009,0.0,0.09344,0.2260290963322541,0.5081478342000257
0.5,0.0,0.08333333333333333,0.38297960622992044,0.09566253887240607,0.00544,0.0,0.10596,0.24686242966558744,0.5081478342000257
0.5,0.0,0.125,0.37238713956576286,0.09301699680355498,0.00325,0.0,0.12081,0.2676957629989208,0.5081478342000257
0.5,0.0,0.16666666666666666,0.36179467290160516,0.09037145473470391,0.00186,0.0,0.13689,0.2885290963322541,0.5081478342000257
0.5,0.0,0.20833333333333331,0.3512022062374475,0.08772591266585279,0.00095,0.0,0.15555,0.30936242966558747,0.5081478342000257
0.5,0.0,0.25,0.3406097395732898,0.08508037059700171,0.00045,0.0,0.17702,0.33019576299892067,0.5081478342000257
0.5,0.0,0.29166666666666663,0.3300172729091321,0.08243482852815061,0.00015,0.0,0.20206,0.35102909633225404,0.5081478342000257
0.5,0.0,0.3333333333333333,0.31942480624497444,0.07978928645929953,2e-05,0.0,0.22993,0.3718624296655874,0.5081478342000257
0.5,0.0,0.375,0.3088323395808168,0.07714374439044844,0.0,0.0,0.2619,0.39269576299892067,0.5081478342000257
0.5,0.0,0.41666666666666663,0.2982398729166591,0.07449820232159736,0.0,0.0,0.29773,0.41352909633225404,0.5081478342000257
0.5,0.0,0.4583333333333333,0.2876474062525014,0.07185266025274624,0.0,0.0,0.3394,0.4343624296655874,0.5081478342000257
0.5,0.0,0.5,0.2770549395883437,0.06920711818389516,0.0,0.0,0.38314,0.45519576299892067,0.5081478342000257
0.5,0.0,0.5416666666666666,0.26646247292418607,0.06656157611504408,0.0,0.0,0.43246,0.47602909633225404,0.5081478342000257
0.5,0.0,0.5833333333333333,0.25587000626002837,0.06391603404619298,0.0,0.0,0.48601,0.4968624296655874,0.5081478342000257
0.5,0.0,0.625,0.2452775395958707,0.0612704919773419,0.0,0.0,0.54499,0.5176957629989207,0.5081478342000257
0.5,0.0,0.6666666666666666,0.234685072931713,0.0586249499084908,0.0,0.0,0.60423,0.5385290963322541,0.5081478342000257
0.5,0.0,0.7083333333333333,0.2240926062675554,0.055979407839639714,0.0,0.0,0.66498,0.5593624296655874,0.5081478342000257
0.5,0.0,0.75,0.21350013960339764,0.053333865770788615,0.0,0.0,0.72467,0.5801957629989207,0.5081478342000257
0.5,0.0,0.7916666666666666,0.20290767293923992,0.050688323701937515,0.0,0.0,0.78043,0.6010290963322541,0.5081478342000257
0.5,0.0,0.8333333333333333,0.19231520627508233,0.048042781633086444,0.0,0.0,0.83016,0.6218624296655874,0.5081478342000257
0.5,0.0,0.875,0.1817227396109246,0.04539723956423533,0.0,0.0,0.87398,0.6426957629989207,0.5081478342000257
0.5,0.0,0.9166666666666666,0.17113027294676691,0.04275169749538425,0.0,0.0,0.91145,0.6635290963322541,0.5081478342000257
0.5,0.0,0.9583333333333333,0.1605378062826093,0.04010615542653317,0.0,0.0,0.94152,0.6843624296655872,0.5081478342000257
0.5,0.0,1.0,0.14994533961845158,0.03746061335768207,0.0,0.0,0.96501,0.7051957629989208,0.5081478342000257
0.5,0.041666666666666664,0.0,0.40225789555868746,0.10047742543771507,0.01329,0.0,0.08479,0.20894576299892076,0.5081478342000257
0.5,0.041666666666666664,0.041666666666666664,0.39166542889452977,0.09783188336886396,0.00822,0.0,0.0957,0.22977909633225413,0.5081478342000257
0.5,0.041666666666666664,0.08333333333333333,0.38107296223037207,0.09518634130001288,0.00491,0.0,0.10861,0.25061242966558744,0.5081478342000257
0.5,0.041666666666666664,0.125,0.37048049556621443,0.09254079923116178,0.00293,0.0,0.12337,0.27144576299892076,0.5081478342000257
0.5,0.041666666666666664,0.16666666666666666,0.35988802890205673,0.0898952571623107,0.00167,0.0,0.14015,0.29227909633225413,0.5081478342000257
0.5,0.041666666666666664,0.20833333333333331,0.3492955622378991,0.08724971509345959,0.00082,0.0,0.15903,0.3131124296655874,0.5081478342000257
0.5,0.041666666666666664,0.25,0.33870309557374145,0.08460417302460851,0.00035,0.0,0.18131,0.33394576299892076,0.5081478342000257
0.5,0.041666666666666664,0.29166666666666663,0.32811062890958376,0.08195863095575744,0.00012,0.0,0.20668,0.35477909633225413,0.5081478342000257
0.5,0.041666666666666664,0.3333333333333333,0.31751816224542606,0.07931308888690633,1e-05,0.0,0.23508,0.3756124296655874,0.5081478342000257
0.5,0.041666666666666664,0.375,0.30692569558126837,0.07666754681805524,0.0,0.0,0.26792,0.39644576299892076,0.5081478342000257
0.5,0.041666666666666664,0.41666666666666663,0.29633322891711067,0.07402200474920415,0.0,0.0,0.30494,0.41727909633225413,0.5081478342000257
0.5,0.041666666666666664,0.4583333333333333,0.28574076225295303,0.07137646268035305,0.0,0.0,0.34711,0.4381124296655874,0.5081478342000257
0.5,0.041666666666666664,0.5,0.2751482955887953,0.06873092061150197,0.0,0.0,0.39221,0.45894576299892076,0.5081478342000257
0.5,0.041666666666666664,0.5416666666666666,0.26455582892463764,0.06608537854265087,0.0,0.0,0.44216,0.47977909633225413,0.5081478342000257
0.5,0.041666666666666664,0.5833333333333333,0.25396336226048,0.06343983647379979,0.0,0.0,0.49629,0.5006124296655874,0.5081478342000257
0.5,0.041666666666666664,0.625,0.2433708955963223,0.060794294404948684,0.0,0.0,0.5551,0.5214457629989208,0.5081478342000257
0.5,0.041666666666666664,0.6666666666666666,0.23277842893216463,0.05814875233609759,0.0,0.0,0.61457,0.5422790963322541,0.5081478342000257
0.5,0.041666666666666664,0.7083333333333333,0.22218596226800696,0.05550321026724651,0.0,0.0,0.67585,0.5631124296655874,0.5081478342000257
0.5,0.041666666666666664,0.75,0.2115934956038492,0.052857668198395415,0.0,0.0,0.73452,0.5839457629989208,0.5081478342000257
0.5,0.041666666666666664,0.7916666666666666,0.2010010289396916,0.05021212612954434,0.0,0.0,0.79013,0.604779096332254,0.5081478342000257
0.5,0.041666666666666664,0.8333333333333333,0.1904085622755339,0.04756658406069324,0.0,0.0,0.83883,0.6256124296655874,0.5081478342000257
0.5,0.041666666666666664,0.875,0.1798160956113762,0.04492104199184214,0.0,0.0,0.88103,0.6464457629989208,0.5081478342000257
0.5,0.041666666666666664,0.9166666666666666,0.16922362894721857,0.04227549992299106,0.0,0.0,0.91723,0.667279096332254,0.5081478342000257
0.5,0.041666666666666664,0.9583333333333333,0.15863116228306087,0.03962995785413997,0.0,0.0,0.94652,0.6881124296655874,0.5081478342000257
0.5,0.041666666666666664,1.0,0.1480386956189032,0.03698441578528887,0.0,0.0,0.96833,0.7089457629989209,0.5081478342000257
0.5,0.08333333333333333,0.0,0.40035125155913903,0.10000122786532187,0.01231,0.0,0.08652,0.21269576299892076,0.5081478342000257
0.5,0.08333333333333333,0.041666666666666664,0.38975878489498134,0.09735568579647078,0.00751,0.0,0.09758,0.23352909633225408,0.5081478342000257
0.5,0.08333333333333333,0.08333333333333333,0.3791663182308237,0.09471014372761968,0.00453,0.0,0.11094,0.2543624296655874,0.5081478342000257
0.5,0.08333333333333333,0.125,0.36857385156666606,0.09206460165876859,0.0026,0.0,0.12636,0.2751957629989208,0.5081478342000257
0.5,0.08333333333333333,0.16666666666666666,0.3579813849025084,0.08941905958991751,0.00153,0.0,0.14355,0.2960290963322541,0.5081478342000257
0.5,0.08333333333333333,0.20833333333333331,0.3473889182383507,0.08677351752106642,0.00073,0.0,0.16276,0.3168624296655874,0.5081478342000257
0.5,0.08333333333333333,0.25,0.3367964515741931,0.0841279754522153,0.0003,0.0,0.18555,0.3376957629989208,0.5081478342000257
0.5,0.08333333333333333,0.29166666666666663,0.3262039849100354,0.08148243338336424,0.0001,0.0,0.21146,0.3585290963322541,0.5081478342000257
0.5,0.08333333333333333,0.3333333333333333,0.3156115182458777,0.07883689131451314,0.0,0.0,0.24079,0.3793624296655874,0.5081478342000257
0.5,0.08333333333333333,0.375,0.30501905158172,0.07619134924566204,0.0,0.0,0.27447,0.4001957629989208,0.5081478342000257
0.5,0.08333333333333333,0.41666666666666663,0.29442658491756235,0.07354580717681096,0.0,0.0,0.31202,0.4210290963322541,0.5081478342000257
0.5,0.08333333333333333,0.4583333333333333,0.2838341182534046,0.07090026510795985,0.0,0.0,0.35495,0.4418624296655874,0.5081478342000257
0.5,0.08333333333333333,0.5,0.27324165158924696,0.06825472303910878,0.0,0.0,0.40056,0.4626957629989208,0.5081478342000257
0.5,0.08333333333333333,0.5416666666666666,0.26264918492508926,0.06560918097025767,0.0,0.0,0.45196,0.4835290963322541,0.5081478342000257
0.5,0.08333333333333333,0.5833333333333333,0.2520567182609316,0.06296363890140659,0.0,0.0,0.50705,0.5043624296655874,0.5081478342000257
0.5,0.08333333333333333,0.625,0.24146425159677393,0.060318096832555505,0.0,0.0,0.56598,0.5251957629989208,0.5081478342000257
0.5,0.08333333333333333,0.6666666666666666,0.23087178493261626,0.05767255476370441,0.0,0.0,0.62516,0.5460290963322542,0.5081478342000257
0.5,0.08333333333333333,0.7083333333333333,0.2202793182684586,0.05502701269485333,0.0,0.0,0.68637,0.5668624296655874,0.5081478342000257
0.5,0.08333333333333333,0.75,0.2096868516043009,0.05238147062600223,0.0,0.0,0.74483,0.5876957629989208,0.5081478342000257
0.5,0.08333333333333333,0.7916666666666666,0.1990943849401432,0.049735928557151136,0.0,0.0,0.79931,0.6085290963322542,0.5081478342000257
0.5,0.08333333333333333,0.8333333333333333,0.18850191827598559,0.047090386488300044,0.0,0.0,0.84658,0.6293624296655873,0.5081478342000257
0.5,0.08333333333333333,0.875,0.17790945161182783,0.044444844419448945,0.0,0.0,0.88798,0.6501957629989208,0.5081478342000257
0.5,0.08333333333333333,0.9166666666666666,0.1673169849476702,0.04179930235059787,0.0,0.0,0.9227,0.6710290963322542,0.5081478342000257
0.5,0.08333333333333333,0.9583333333333333,0.15672451828351255,0.03915376028174678,0.0,0.0,0.95116,0.6918624296655873,0.5081478342000257
0.5,0.08333333333333333,1.0,0.14613205161935477,0.036508218212895675,0.0,0.0,0.97172,0.7126957629989208,0.5081478342000257
0.5,0.125,0.0,0.3984446075595907,0.09952503029292868,0.0113,0.0,0.08867,0.21644576299892077,0.5081478342000257
0.5,0.125,0.041666666666666664,0.387852140895433,0.09687948822407758,0.00688,0.0,0.09952,0.23727909633225405,0.5081478342000257
0.5,0.125,0.08333333333333333,0.3772596742312753,0.09423394615522648,0.00404,0.0,0.1134,0.2581124296655874,0.5081478342000257
0.5,0.125,0.125,0.36666720756711774,0.09158840408637539,0.00238,0.0,0.12916,0.2789457629989207,0.5081478342000257
0.5,0.125,0.16666666666666666,0.35607474090296,0.08894286201752431,0.00134,0.0,0.14666,0.299779096332254,0.5081478342000257
0.5,0.125,0.20833333333333331,0.34548227423880234,0.0862973199486732,0.00068,0.0,0.16666,0.3206124296655874,0.5081478342000257
0.5,0.125,0.25,0.33488980757464465,0.08365177787982213,0.00024,0.0,0.19009,0.3414457629989207,0.5081478342000257
0.5,0.125,0.29166666666666663,0.32429734091048695,0.08100623581097104,0.0001,0.0,0.21639,0.362279096332254,0.5081478342000257
0.5,0.125,0.3333333333333333,0.3137048742463293,0.07836069374211994,0.0,0.0,0.24659,0.3831124296655874,0.5081478342000257
0.5,0.125,0.375,0.3031124075821716,0.07571515167326885,0.0,0.0,0.28086,0.4039457629989207,0.5081478342000257
0.5,0.125,0.41666666666666663,0.292519940918014,0.07306960960441776,0.0,0.0,0.31932,0.424779096332254,0.5081478342000257
0.5,0.125,0.4583333333333333,0.2819274742538562,0.07042406753556667,0.0,0.0,0.36268,0.4456124296655874,0.5081478342000257
0.5,0.125,0.5,0.2713350075896986,0.06777852546671559,0.0,0.0,0.4091,0.4664457629989207,0.5081478342000257
0.5,0.125,0.5416666666666666,0.26074254092554094,0.0651329833978645,0.0,0.0,0.46109,0.487279096332254,0.5081478342000257
0.5,0.125,0.5833333333333333,0.25015007426138325,0.0624874413290134,0.0,0.0,0.51766,0.5081124296655873,0.5081478342000257
0.5,0.125,0.625,0.23955760759722555,0.0598418992601623,0.0,0.0,0.57657,0.5289457629989207,0.5081478342000257
0.5,0.125,0.6666666666666666,0.22896514093306788,0.05719635719131122,0.0,0.0,0.63651,0.5497790963322541,0.5081478342000257
0.5,0.125,0.7083333333333333,0.21837267426891024,0.054550815122460114,0.0,0.0,0.69707,0.5706124296655875,0.5081478342000257
0.5,0.125,0.75,0.2077802076047525,0.051905273053609036,0.0,0.0,0.75534,0.5914457629989207,0.5081478342000257
0.5,0.125,0.7916666666666666,0.19718774094059482,0.049259730984757936,0.0,0.0,0.80823,0.6122790963322541,0.5081478342000257
0.5,0.125,0.8333333333333333,0.18659527427643718,0.04661418891590685,0.0,0.0,0.85451,0.6331124296655875,0.5081478342000257
0.5,0.125,0.875,0.17600280761227946,0.04396864684705576,0.0,0.0,0.89509,0.6539457629989207,0.5081478342000257
0.5,0.125,0.9166666666666666,0.16541034094812182,0.04132310477820465,0.0,0.0,0.92796,0.6747790963322541,0.5081478342000257
0.5,0.125,0.9583333333333333,0.15481787428396415,0.03867756270935358,0.0,0.0,0.95517,0.6956124296655875,0.5081478342000257
0.5,0.125,1.0,0.14422540761980646,0.036032020640502475,0.0,0.0,0.97508,0.7164457629989207,0.5081478342000257
0.5,0.16666666666666666,0.0,0.3965379635600423,0.09904883272053547,0.01042,0.0,0.09051,0.22019576299892077,0.5081478342000257
0.5,0.16666666666666666,0.041666666666666664,0.3859454968958847,0.09640329065168439,0.00621,0.0,0.102,0.24102909633225406,0.5081478342000257
0.5,0.16666666666666666,0.08333333333333333,0.37535303023172695,0.0937577485828333,0.00376,0.0,0.11613,0.2618624296655874,0.5081478342000257
0.5,0.16666666666666666,0.125,0.3647605635675693,0.0911122065139822,0.00219,0.0,0.13213,0.28269576299892074,0.5081478342000257
0.5,0.16666666666666666,0.16666666666666666,0.35416809690341167,0.08846666444513111,0.00118,0.0,0.14996,0.3035290963322541,0.5081478342000257
0.5,0.16666666666666666,0.20833333333333331,0.34357563023925397,0.08582112237628003,0.00058,0.0,0.17083,0.3243624296655874,0.5081478342000257
0.5,0.16666666666666666,0.25,0.3329831635750963,0.08317558030742894,0.00022,0.0,0.19489,0.34519576299892074,0.5081478342000257
0.5,0.16666666666666666,0.29166666666666663,0.3223906969109386,0.08053003823857784,5e-05,0.0,0.22147,0.3660290963322541,0.5081478342000257
0.5,0.16666666666666666,0.3333333333333333,0.31179823024678094,0.07788449616972676,0.0,0.0,0.2525,0.3868624296655874,0.5081478342000257
0.5,0.16666666666666666,0.375,0.30120576358262324,0.07523895410087565,0.0,0.0,0.28716,0.40769576299892074,0.5081478342000257
0.5,0.16666666666666666,0.41666666666666663,0.29061329691846555,0.07259341203202456,0.0,0.0,0.32687,0.4285290963322541,0.5081478342000257
0.5,0.16666666666666666,0.4583333333333333,0.28002083025430785,0.06994786996317347,0.0,0.0,0.37055,0.4493624296655874,0.5081478342000257
0.5,0.16666666666666666,0.5,0.2694283635901502,0.06730232789432238,0.0,0.0,0.41763,0.4701957629989207,0.5081478342000257
0.5,0.16666666666666666,0.5416666666666666,0.2588358969259925,0.06465678582547128,0.0,0.0,0.47083,0.4910290963322541,0.5081478342000257
0.5,0.16666666666666666,0.5833333333333333,0.24824343026183487,0.0620112437566202,0.0,0.0,0.52825,0.5118624296655874,0.5081478342000257
0.5,0.16666666666666666,0.625,0.23765096359767718,0.059365701687769105,0.0,0.0,0.58736,0.5326957629989207,0.5081478342000257
0.5,0.16666666666666666,0.6666666666666666,0.22705849693351948,0.05672015961891801,0.0,0.0,0.64795,0.5535290963322541,0.5081478342000257
0.5,0.16666666666666666,0.7083333333333333,0.2164660302693618,0.05407461755006692,0.0,0.0,0.70788,0.5743624296655874,0.5081478342000257
0.5,0.16666666666666666,0.75,0.20587356360520412,0.05142907548121582,0.0,0.0,0.76526,0.5951957629989207,0.5081478342000257
0.5,0.16666666666666666,0.7916666666666666,0.19528109694104648,0.048783533412364743,0.0,0.0,0.81704,0.616029096332254,0.5081478342000257
0.5,0.16666666666666666,0.8333333333333333,0.1846886302768888,0.04613799134351364,0.0,0.0,0.8621,0.6368624296655874,0.5081478342000257
0.5,0.16666666666666666,0.875,0.17409616361273111,0.04349244927466256,0.0,0.0,0.90174,0.6576957629989207,0.5081478342000257
0.5,0.16666666666666666,0.9166666666666666,0.16350369694857345,0.040846907205811474,0.0,0.0,0.93354,0.6785290963322541,0.5081478342000257
0.5,0.16666666666666666,0.9583333333333333,0.15291123028441575,0.038201365136960375,0.0,0.0,0.95913,0.6993624296655874,0.5081478342000257
0.5,0.16666666666666666,1.0,0.14231876362025808,0.03555582306810928,0.0,0.0,0.97771,0.7201957629989207,0.5081478342000257
0.5,0.20833333333333331,0.0,0.39463131956049385,0.0985726351481423,0.00947,0.0,0.09236,0.22394576299892077,0.5081478342000257
0.5,0.20833333333333331,0.041666666666666664,0.3840388528963363,0.09592709307929119,0.00573,0.0,0.1045,0.24477909633225406,0.5081478342000257
0.5,0.20833333333333331,0.08333333333333333,0.37344638623217863,0.09328155101044008,0.00344,0.0,0.11889,0.2656124296655874,0.5081478342000257
0.5,0.20833333333333331,0.125,0.36285391956802093,0.09063600894158899,0.00204,0.0,0.13502,0.28644576299892077,0.5081478342000257
0.5,0.20833333333333331,0.16666666666666666,0.35226145290386324,0.08799046687273791,0.00102,0.0,0.15367,0.3072790963322541,0.5081478342000257
0.5,0.20833333333333331,0.20833333333333331,0.34166898623970554,0.08534492480388682,0.0005,0.0,0.1748,0.3281124296655874,0.5081478342000257
0.5,0.20833333333333331,0.25,0.33107651957554785,0.08269938273503573,0.00017,0.0,0.19962,0.3489457629989207,0.5081478342000257
0.5,0.20833333333333331,0.29166666666666663,0.32048405291139026,0.08005384066618464,3e-05,0.0,0.2267,0.36977909633225414,0.5081478342000257
0.5,0.20833333333333331,0.3333333333333333,0.3098915862472325,0.07740829859733354,0.0,0.0,0.25864,0.3906124296655874,0.5081478342000257
0.5,0.20833333333333331,0.375,0.29929911958307487,0.07476275652848247,0.0,0.0,0.29375,0.4114457629989207,0.5081478342000257
0.5,0.20833333333333331,0.41666666666666663,0.2887066529189172,0.07211721445963137,0.0,0.0,0.33476,0.43227909633225403,0.5081478342000257
0.5,0.20833333333333331,0.4583333333333333,0.2781141862547595,0.06947167239078028,0.0,0.0,0.37854,0.4531124296655874,0.5081478342000257
0.5,0.20833333333333331,0.5,0.26752171959060184,0.06682613032192919,0.0,0.0,0.42732,0.4739457629989207,0.5081478342000257
0.5,0.20833333333333331,0.5416666666666666,0.25692925292644414,0.0641805882530781,0.0,0.0,0.48015,0.494779096332254,0.5081478342000257
0.5,0.20833333333333331,0.5833333333333333,0.24633678626228647,0.061535046184227005,0.0,0.0,0.53889,0.5156124296655874,0.5081478342000257
0.5,0.20833333333333331,0.625,0.23574431959812878,0.05888950411537591,0.0,0.0,0.59848,0.5364457629989207,0.5081478342000257
0.5,0.20833333333333331,0.6666666666666666,0.2251518529339711,0.05624396204652482,0.0,0.0,0.65865,0.5572790963322539,0.5081478342000257
0.5,0.20833333333333331,0.7083333333333333,0.21455938626981347,0.05359841997767373,0.0,0.0,0.71868,0.5781124296655874,0.5081478342000257
0.5,0.20833333333333331,0.75,0.20396691960565577,0.050952877908822636,0.0,0.0,0.77472,0.5989457629989207,0.5081478342000257
0.5,0.20833333333333331,0.7916666666666666,0.19337445294149805,0.04830733583997155,0.0,0.0,0.82531,0.619779096332254,0.5081478342000257
0.5,0.20833333333333331,0.8333333333333333,0.18278198627734035,0.045661793771120444,0.0,0.0,0.86984,0.6406124296655874,0.5081478342000257
0.5,0.20833333333333331,0.875,0.1721895196131827,0.04301625170226935,0.0,0.0,0.90824,0.6614457629989207,0.5081478342000257
0.5,0.20833333333333331,0.9166666666666666,0.16159705294902504,0.040370709633418274,0.0,0.0,0.93879,0.6822790963322541,0.5081478342000257
0.5,0.20833333333333331,0.9583333333333333,0.15100458628486735,0.037725167564567175,0.0,0.0,0.96288,0.7031124296655874,0.5081478342000257
0.5,0.20833333333333331,1.0,0.14041211962070965,0.03507962549571608,0.0,0.0,0.9803,0.7239457629989207,0.5081478342000257
0.5,0.25,0.0,0.39272467556094554,0.09809643757574908,0.00858,0.0,0.09451,0.2276957629989208,0.5081478342000257
0.5,0.25,0.041666666666666664,0.38213220889678784,0.09545089550689798,0.00516,0.0,0.10694,0.24852909633225412,0.5081478342000257
0.5,0.25,0.08333333333333333,0.37153974223263025,0.0928053534380469,0.00315,0.0,0.12196,0.26936242966558743,0.5081478342000257
0.5,0.25,0.125,0.36094727556847256,0.09015981136919582,0.00179,0.0,0.13824,0.2901957629989208,0.5081478342000257
0.5,0.25,0.16666666666666666,0.35035480890431486,0.08751426930034471,0.00086,0.0,0.15707,0.31102909633225406,0.5081478342000257
0.5,0.25,0.20833333333333331,0.33976234224015717,0.08486872723149361,0.00043,0.0,0.1788,0.33186242966558743,0.5081478342000257
0.5,0.25,0.25,0.32916987557599947,0.08222318516264254,0.00013,0.0,0.20418,0.35269576299892086,0.5081478342000257
0.5,0.25,0.29166666666666663,0.31857740891184183,0.07957764309379144,2e-05,0.0,0.23221,0.37352909633225406,0.5081478342000257
0.5,0.25,0.3333333333333333,0.30798494224768413,0.07693210102494034,0.0,0.0,0.26447,0.39436242966558743,0.5081478342000257
0.5,0.25,0.375,0.29739247558352644,0.07428655895608927,0.0,0.0,0.30112,0.41519576299892086,0.5081478342000257
0.5,0.25,0.41666666666666663,0.2868000089193688,0.07164101688723816,0.0,0.0,0.34281,0.4360290963322541,0.5081478342000257
0.5,0.25,0.4583333333333333,0.2762075422552111,0.06899547481838707,0.0,0.0,0.38719,0.45686242966558743,0.5081478342000257
0.5,0.25,0.5,0.26561507559105346,0.06634993274953599,0.0,0.0,0.43691,0.47769576299892086,0.5081478342000257
0.5,0.25,0.5416666666666666,0.25502260892689577,0.0637043906806849,0.0,0.0,0.49047,0.49852909633225406,0.5081478342000257
0.5,0.25,0.5833333333333333,0.24443014226273807,0.0610588486118338,0.0,0.0,0.5493,0.5193624296655874,0.5081478342000257
0.5,0.25,0.625,0.2338376755985804,0.05841330654298271,0.0,0.0,0.609,0.5401957629989208,0.5081478342000257
0.5,0.25,0.6666666666666666,0.2232452089344227,0.05576776447413162,0.0,0.0,0.66952,0.5610290963322542,0.5081478342000257
0.5,0.25,0.7083333333333333,0.21265274227026504,0.053122222405280535,0.0,0.0,0.72888,0.5818624296655874,0.5081478342000257
0.5,0.25,0.75,0.2020602756061074,0.05047668033642944,0.0,0.0,0.78466,0.6026957629989207,0.5081478342000257
0.5,0.25,0.7916666666666666,0.1914678089419497,0.04783113826757835,0.0,0.0,0.83406,0.6235290963322542,0.5081478342000257
0.5,0.25,0.8333333333333333,0.180875342277792,0.04518559619872725,0.0,0.0,0.87737,0.6443624296655874,0.5081478342000257
0.5,0.25,0.875,0.17028287561363434,0.04254005412987617,0.0,0.0,0.91408,0.6651957629989207,0.5081478342000257
0.5,0.25,0.9166666666666666,0.15969040894947667,0.039894512061025074,0.0,0.0,0.94379,0.6860290963322542,0.5081478342000257
0.5,0.25,0.9583333333333333,0.14909794228531897,0.03724896999217398,0.0,0.0,0.96661,0.7068624296655875,0.5081478342000257
0.5,0.25,1.0,0.1385054756211613,0.034603427923322896,0.0,0.0,0.98275,0.7276957629989207,0.5081478342000257
0.5,0.29166666666666663,0.0,0.3908180315613972,0.09762024000335588,0.00795,0.0,0.09657,0.23144576299892072,0.5081478342000257
0.5,0.29166666666666663,0.041666666666666664,0.3802255648972395,0.0949746979345048,0.00475,0.0,0.10962,0.2522790963322541,0.5081478342000257
0.5,0.29166666666666663,0.08333333333333333,0.3696330982330818,0.0923291558656537,0.00276,0.0,0.1247,0.2731124296655874,0.5081478342000257
0.5,0.29166666666666663,0.125,0.35904063156892413,0.0896836137968026,0.00159,0.0,0.14171,0.2939457629989207,0.5081478342000257
0.5,0.29166666666666663,0.16666666666666666,0.34844816490476643,0.08703807172795154,0.00079,0.0,0.16054,0.3147790963322541,0.5081478342000257
0.5,0.29166666666666663,0.20833333333333331,0.33785569824060885,0.08439252965910043,0.00031,0.0,0.18302,0.3356124296655874,0.5081478342000257
0.5,0.29166666666666663,0.25,0.32726323157645115,0.08174698759024934,0.0001,0.0,0.20874,0.35644576299892067,0.5081478342000257
0.5,0.29166666666666663,0.29166666666666663,0.31667076491229346,0.07910144552139825,0.0,0.0,0.23768,0.37727909633225404,0.5081478342000257
0.5,0.29166666666666663,0.3333333333333333,0.3060782982481358,0.07645590345254716,0.0,0.0,0.27094,0.3981124296655874,0.5081478342000257
0.5,0.29166666666666663,0.375,0.29548583158397806,0.07381036138369607,0.0,0.0,0.30818,0.41894576299892067,0.5081478342000257
0.5,0.29166666666666663,0.41666666666666663,0.2848933649198204,0.07116481931484497,0.0,0.0,0.35072,0.4397790963322541,0.5081478342000257
0.5,0.29166666666666663,0.4583333333333333,0.2743008982556628,0.0685192772459939,0.0,0.0,0.39574,0.4606124296655874,0.5081478342000257
0.5,0.29166666666666663,0.5,0.2637084315915051,0.06587373517714279,0.0,0.0,0.44646,0.48144576299892067,0.5081478342000257
0.5,0.29166666666666663,0.5416666666666666,0.2531159649273474,0.0632281931082917,0.0,0.0,0.50109,0.5022790963322541,0.5081478342000257
0.5,0.29166666666666663,0.5833333333333333,0.2425234982631897,0.06058265103944062,0.0,0.0,0.55968,0.5231124296655874,0.5081478342000257
0.5,0.29166666666666663,0.625,0.23193103159903203,0.05793710897058951,0.0,0.0,0.6195,0.5439457629989207,0.5081478342000257
0.5,0.29166666666666663,0.6666666666666666,0.22133856493487433,0.055291566901738434,0.0,0.0,0.6806,0.5647790963322541,0.5081478342000257
0.5,0.29166666666666663,0.7083333333333333,0.2107460982707167,0.05264602483288734,0.0,0.0,0.7389,0.5856124296655874,0.5081478342000257
0.5,0.29166666666666663,0.75,0.200153631606559,0.05000048276403624,0.0,0.0,0.79421,0.6064457629989207,0.5081478342000257
0.5,0.29166666666666663,0.7916666666666666,0.1895611649424013,0.04735494069518515,0.0,0.0,0.84248,0.6272790963322541,0.5081478342000257
0.5,0.29166666666666663,0.8333333333333333,0.17896869827824366,0.04470939862633406,0.0,0.0,0.88413,0.6481124296655874,0.5081478342000257
0.5,0.29166666666666663,0.875,0.16837623161408596,0.04206385655748298,0.0,0.0,0.91966,0.6689457629989207,0.5081478342000257
0.5,0.29166666666666663,0.9166666666666666,0.15778376494992827,0.039418314488631874,0.0,0.0,0.94868,0.6897790963322541,0.5081478342000257
0.5,0.29166666666666663,0.9583333333333333,0.1471912982857706,0.036772772419780796,0.0,0.0,0.96981,0.7106124296655872,0.5081478342000257
0.5,0.29166666666666663,1.0,0.1365988316216129,0.034127230350929696,0.0,0.0,0.9849,0.7314457629989207,0.5081478342000257
0.5,0.3333333333333333,0.0,0.38891138756184884,0.0971440424309627,0.00724,0.0,0.09842,0.23519576299892075,0.5081478342000257
0.5,0.3333333333333333,0.041666666666666664,0.37831892089769115,0.09449850036211159,0.00437,0.0,0.11201,0.25602909633225407,0.5081478342000257
0.5,0.3333333333333333,0.08333333333333333,0.36772645423353345,0.09185295829326051,0.00251,0.0,0.1276,0.2768624296655874,0.5081478342000257
0.5,0.3333333333333333,0.125,0.35713398756937575,0.0892074162244094,0.00143,0.0,0.14484,0.29769576299892075,0.5081478342000257
0.5,0.3333333333333333,0.16666666666666666,0.34654152090521806,0.08656187415555833,0.00071,0.0,0.16455,0.31852909633225407,0.5081478342000257
0.5,0.3333333333333333,0.20833333333333331,0.3359490542410604,0.08391633208670722,0.00029,0.0,0.18761,0.3393624296655874,0.5081478342000257
0.5,0.3333333333333333,0.25,0.3253565875769027,0.08127079001785614,0.0001,0.0,0.21362,0.36019576299892075,0.5081478342000257
0.5,0.3333333333333333,0.29166666666666663,0.3147641209127451,0.07862524794900506,0.0,0.0,0.24347,0.38102909633225396,0.5081478342000257
0.5,0.3333333333333333,0.3333333333333333,0.3041716542485874,0.07597970588015396,0.0,0.0,0.27719,0.4018624296655874,0.5081478342000257
0.5,0.3333333333333333,0.375,0.2935791875844297,0.07333416381130287,0.0,0.0,0.31518,0.42269576299892075,0.5081478342000257
0.5,0.3333333333333333,0.41666666666666663,0.28298672092027205,0.07068862174245177,0.0,0.0,0.35819,0.44352909633225396,0.5081478342000257
0.5,0.3333333333333333,0.4583333333333333,0.27239425425611435,0.06804307967360068,0.0,0.0,0.40438,0.4643624296655874,0.5081478342000257
0.5,0.3333333333333333,0.5,0.26180178759195666,0.06539753760474959,0.0,0.0,0.45596,0.48519576299892075,0.5081478342000257
0.5,0.3333333333333333,0.5416666666666666,0.2512093209277991,0.06275199553589851,0.0,0.0,0.51206,0.506029096332254,0.5081478342000257
0.5,0.3333333333333333,0.5833333333333333,0.24061685426364132,0.06010645346704741,0.0,0.0,0.57032,0.5268624296655874,0.5081478342000257
0.5,0.3333333333333333,0.625,0.2300243875994836,0.05746091139819631,0.0,0.0,0.63013,0.5476957629989208,0.5081478342000257
0.5,0.3333333333333333,0.6666666666666666,0.21943192093532599,0.05481536932934523,0.0,0.0,0.69122,0.568529096332254,0.5081478342000257
0.5,0.3333333333333333,0.7083333333333333,0.2088394542711683,0.05216982726049413,0.0,0.0,0.74935,0.5893624296655874,0.5081478342000257
0.5,0.3333333333333333,0.75,0.1982469876070106,0.049524285191643036,0.0,0.0,0.80345,0.6101957629989208,0.5081478342000257
0.5,0.3333333333333333,0.7916666666666666,0.18765452094285295,0.04687874312279196,0.0,0.0,0.85019,0.631029096332254,0.5081478342000257
0.5,0.3333333333333333,0.8333333333333333,0.17706205427869526,0.044233201053940865,0.0,0.0,0.89115,0.6518624296655874,0.5081478342000257
0.5,0.3333333333333333,0.875,0.16646958761453753,0.04158765898508977,0.0,0.0,0.92499,0.6726957629989209,0.5081478342000257
0.5,0.3333333333333333,0.9166666666666666,0.1558771209503799,0.03894211691623869,0.0,0.0,0.95291,0.6935290963322541,0.5081478342000257
0.5,0.3333333333333333,0.9583333333333333,0.14528465428622223,0.03629657484738759,0.0,0.0,0.97341,0.7143624296655874,0.5081478342000257
0.5,0.3333333333333333,1.0,0.13469218762206453,0.0336510327785365,0.0,0.0,0.98689,0.7351957629989209,0.5081478342000257
0.5,0.375,0.0,0.3870047435623004,0.0966678448585695,0.00655,0.0,0.1006,0.23894576299892076,0.5081478342000257
0.5,0.375,0.041666666666666664,0.3764122768981427,0.09402230278971842,0.00394,0.0,0.11461,0.2597790963322541,0.5081478342000257
0.5,0.375,0.08333333333333333,0.365819810233985,0.09137676072086731,0.0023,0.0,0.13062,0.2806124296655874,0.5081478342000257
0.5,0.375,0.125,0.35522734356982744,0.08873121865201622,0.00127,0.0,0.14822,0.3014457629989208,0.5081478342000257
0.5,0.375,0.16666666666666666,0.3446348769056698,0.08608567658316513,0.00062,0.0,0.16871,0.3222790963322541,0.5081478342000257
0.5,0.375,0.20833333333333331,0.3340424102415121,0.08344013451431405,0.00023,0.0,0.19214,0.3431124296655874,0.5081478342000257
0.5,0.375,0.25,0.32344994357735435,0.08079459244546294,7e-05,0.0,0.21871,0.3639457629989207,0.5081478342000257
0.5,0.375,0.29166666666666663,0.31285747691319665,0.07814905037661186,0.0,0.0,0.24924,0.38477909633225404,0.5081478342000257
0.5,0.375,0.3333333333333333,0.30226501024903896,0.07550350830776076,0.0,0.0,0.28356,0.4056124296655874,0.5081478342000257
0.5,0.375,0.375,0.2916725435848813,0.07285796623890967,0.0,0.0,0.32264,0.4264457629989207,0.5081478342000257
0.5,0.375,0.41666666666666663,0.2810800769207237,0.07021242417005859,0.0,0.0,0.36617,0.44727909633225404,0.5081478342000257
0.5,0.375,0.4583333333333333,0.270487610256566,0.06756688210120748,0.0,0.0,0.41295,0.4681124296655874,0.5081478342000257
0.5,0.375,0.5,0.2598951435924083,0.0649213400323564,0.0,0.0,0.4654,0.4889457629989207,0.5081478342000257
0.5,0.375,0.5416666666666666,0.2493026769282506,0.062275797963505304,0.0,0.0,0.52237,0.509779096332254,0.5081478342000257
0.5,0.375,0.5833333333333333,0.23871021026409298,0.05963025589465422,0.0,0.0,0.58127,0.5306124296655874,0.5081478342000257
0.5,0.375,0.625,0.22811774359993528,0.05698471382580312,0.0,0.0,0.64176,0.5514457629989207,0.5081478342000257
0.5,0.375,0.6666666666666666,0.21752527693577758,0.054339171756952034,0.0,0.0,0.70198,0.572279096332254,0.5081478342000257
0.5,0.375,0.7083333333333333,0.2069328102716199,0.05169362968810095,0.0,0.0,0.75966,0.5931124296655874,0.5081478342000257
0.5,0.375,0.75,0.19634034360746225,0.04904808761924986,0.0,0.0,0.81201,0.6139457629989207,0.5081478342000257
0.5,0.375,0.7916666666666666,0.18574787694330455,0.046402545550398765,0.0,0.0,0.85777,0.634779096332254,0.5081478342000257
0.5,0.375,0.8333333333333333,0.17515541027914686,0.043757003481547666,0.0,0.0,0.89789,0.6556124296655874,0.5081478342000257
0.5,0.375,0.875,0.1645629436149892,0.04111146141269658,0.0,0.0,0.93058,0.6764457629989207,0.5081478342000257
0.5,0.375,0.9166666666666666,0.15397047695083152,0.03846591934384549,0.0,0.0,0.95702,0.6972790963322542,0.5081478342000257
0.5,0.375,0.9583333333333333,0.14337801028667382,0.03582037727499439,0.0,0.0,0.97639,0.7181124296655874,0.5081478342000257
0.5,0.375,1.0,0.13278554362251616,0.033174835206143304,0.0,0.0,0.98886,0.7389457629989207,0.5081478342000257
0.5,0.41666666666666663,0.0,0.38509809956275204,0.09619164728617631,0.00599,0.0,0.10317,0.24269576299892076,0.5081478342000257
0.5,0.41666666666666663,0.041666666666666664,0.37450563289859434,0.0935461052173252,0.00365,0.0,0.1173,0.26352909633225413,0.5081478342000257
0.5,0.41666666666666663,0.08333333333333333,0.36391316623443665,0.0909005631484741,0.0021,0.0,0.13345,0.2843624296655874,0.5081478342000257
0.5,0.41666666666666663,0.125,0.353320699570279,0.08825502107962302,0.00112,0.0,0.15172,0.30519576299892076,0.5081478342000257
0.5,0.41666666666666663,0.16666666666666666,0.34272823290612137,0.08560947901077191,0.00055,0.0,0.17265,0.32602909633225413,0.5081478342000257
0.5,0.41666666666666663,0.20833333333333331,0.33213576624196367,0.08296393694192084,0.0002,0.0,0.19699,0.3468624296655874,0.5081478342000257
0.5,0.41666666666666663,0.25,0.321543299577806,0.08031839487306976,5e-05,0.0,0.22368,0.3676957629989207,0.5081478342000257
0.5,0.41666666666666663,0.29166666666666663,0.3109508329136483,0.07767285280421865,0.0,0.0,0.25538,0.38852909633225413,0.5081478342000257
0.5,0.41666666666666663,0.3333333333333333,0.30035836624949064,0.07502731073536757,0.0,0.0,0.29005,0.4093624296655874,0.5081478342000257
0.5,0.41666666666666663,0.375,0.28976589958533294,0.07238176866651647,0.0,0.0,0.33011,0.4301957629989207,0.5081478342000257
0.5,0.41666666666666663,0.41666666666666663,0.27917343292117525,0.06973622659766539,0.0,0.0,0.37404,0.45102909633225413,0.5081478342000257
0.5,0.41666666666666663,0.4583333333333333,0.26858096625701755,0.0670906845288143,0.0,0.0,0.42172,0.4718624296655874,0.5081478342000257
0.5,0.41666666666666663,0.5,0.2579884995928599,0.0644451424599632,0.0,0.0,0.47504,0.4926957629989207,0.5081478342000257
0.5,0.41666666666666663,0.5416666666666666,0.24739603292870221,0.06179960039111211,0.0,0.0,0.53287,0.5135290963322541,0.5081478342000257
0.5,0.41666666666666663,0.5833333333333333,0.23680356626454457,0.059154058322261026,0.0,0.0,0.59241,0.5343624296655874,0.5081478342000257
0.5,0.41666666666666663,0.625,0.22621109960038688,0.056508516253409934,0.0,0.0,0.65247,0.5551957629989207,0.5081478342000257
0.5,0.41666666666666663,0.6666666666666666,0.21561863293622918,0.053862974184558834,0.0,0.0,0.7127,0.5760290963322541,0.5081478342000257
0.5,0.41666666666666663,0.7083333333333333,0.20502616627207157,0.05121743211570775,0.0,0.0,0.76941,0.5968624296655874,0.5081478342000257
0.5,0.41666666666666663,0.75,0.19443369960791385,0.048571890046856664,0.0,0.0,0.82054,0.6176957629989207,0.5081478342000257
0.5,0.41666666666666663,0.7916666666666666,0.18384123294375618,0.04592634797800556,0.0,0.0,0.86576,0.6385290963322541,0.5081478342000257
0.5,0.41666666666666663,0.8333333333333333,0.17324876627959848,0.04328080590915448,0.0,0.0,0.9044,0.6593624296655874,0.5081478342000257
0.5,0.41666666666666663,0.875,0.1626562996154408,0.04063526384030338,0.0,0.0,0.9359,0.6801957629989207,0.5081478342000257
0.5,0.41666666666666663,0.9166666666666666,0.15206383295128312,0.03798972177145229,0.0,0.0,0.96067,0.7010290963322541,0.5081478342000257
0.5,0.41666666666666663,0.9583333333333333,0.14147136628712548,0.0353441797026012,0.0,0.0,0.9789,0.7218624296655874,0.5081478342000257
0.5,0.41666666666666663,1.0,0.13087889962296778,0.03269863763375011,0.0,0.0,0.99026,0.7426957629989207,0.5081478342000257
0.5,0.4583333333333333,0.0,0.3831914555632036,0.0957154497137831,0.0055,0.0,0.10568,0.24644576299892074,0.5081478342000257
0.5,0.4583333333333333,0.041666666666666664,0.372598988899046,0.093069907644932,0.00329,0.0,0.12043,0.26727909633225405,0.5081478342000257
0.5,0.4583333333333333,0.08333333333333333,0.36200652223488833,0.09042436557608093,0.00189,0.0,0.13654,0.28811242966558737,0.5081478342000257
0.5,0.4583333333333333,0.125,0.35141405557073063,0.08777882350722983,0.00096,0.0,0.15523,0.30894576299892074,0.5081478342000257
0.5,0.4583333333333333,0.16666666666666666,0.34082158890657294,0.08513328143837873,0.00046,0.0,0.17648,0.3297790963322541,0.5081478342000257
0.5,0.4583333333333333,0.20833333333333331,0.3302291222424153,0.08248773936952765,0.00015,0.0,0.20154,0.3506124296655874,0.5081478342000257
0.5,0.4583333333333333,0.25,0.3196366555782576,0.07984219730067656,2e-05,0.0,0.22919,0.37144576299892074,0.5081478342000257
0.5,0.4583333333333333,0.29166666666666663,0.30904418891409996,0.07719665523182546,0.0,0.0,0.26128,0.392279096332254,0.5081478342000257
0.5,0.4583333333333333,0.3333333333333333,0.29845172224994226,0.07455111316297437,0.0,0.0,0.29696,0.4131124296655874,0.5081478342000257
0.5,0.4583333333333333,0.375,0.28785925558578457,0.07190557109412328,0.0,0.0,0.33852,0.43394576299892074,0.5081478342000257
0.5,0.4583333333333333,0.41666666666666663,0.2772667889216269,0.0692600290252722,0.0,0.0,0.38223,0.454779096332254,0.5081478342000257
0.5,0.4583333333333333,0.4583333333333333,0.26667432225746923,0.0666144869564211,0.0,0.0,0.43147,0.4756124296655874,0.5081478342000257
0.5,0.4583333333333333,0.5,0.2560818555933115,0.06396894488757,0.0,0.0,0.48507,0.49644576299892074,0.5081478342000257
0.5,0.4583333333333333,0.5416666666666666,0.24548938892915387,0.06132340281871891,0.0,0.0,0.54362,0.517279096332254,0.5081478342000257
0.5,0.4583333333333333,0.5833333333333333,0.23489692226499617,0.05867786074986783,0.0,0.0,0.6032,0.5381124296655874,0.5081478342000257
0.5,0.4583333333333333,0.625,0.22430445560083853,0.056032318681016734,0.0,0.0,0.66361,0.5589457629989207,0.5081478342000257
0.5,0.4583333333333333,0.6666666666666666,0.21371198893668086,0.05338677661216565,0.0,0.0,0.72342,0.579779096332254,0.5081478342000257
0.5,0.4583333333333333,0.7083333333333333,0.20311952227252317,0.05074123454331455,0.0,0.0,0.77927,0.6006124296655874,0.5081478342000257
0.5,0.4583333333333333,0.75,0.19252705560836544,0.04809569247446346,0.0,0.0,0.82922,0.6214457629989207,0.5081478342000257
0.5,0.4583333333333333,0.7916666666666666,0.1819345889442078,0.04545015040561238,0.0,0.0,0.87322,0.642279096332254,0.5081478342000257
0.5,0.4583333333333333,0.8333333333333333,0.1713421222800501,0.042804608336761286,0.0,0.0,0.91088,0.6631124296655873,0.5081478342000257
0.5,0.4583333333333333,0.875,0.1607496556158924,0.04015906626791019,0.0,0.0,0.94096,0.6839457629989207,0.5081478342000257
0.5,0.4583333333333333,0.9166666666666666,0.15015718895173477,0.0375135241990591,0.0,0.0,0.96452,0.704779096332254,0.5081478342000257
0.5,0.4583333333333333,0.9583333333333333,0.13956472228757705,0.034867982130208,0.0,0.0,0.98146,0.7256124296655873,0.5081478342000257
0.5,0.4583333333333333,1.0,0.12897225562341938,0.03222244006135691,0.0,0.0,0.9919,0.7464457629989207,0.5081478342000257
0.5,0.5,0.0,0.38128481156365523,0.0952392521413899,0.00495,0.0,0.10825,0.25019576299892077,0.5081478342000257
0.5,0.5,0.041666666666666664,0.37069234489949754,0.09259371007253882,0.00297,0.0,0.12309,0.27102909633225414,0.5081478342000257
0.5,0.5,0.08333333333333333,0.36009987823534,0.08994816800368771,0.0017,0.0,0.13976,0.2918624296655874,0.5081478342000257
0.5,0.5,0.125,0.34950741157118215,0.08730262593483663,0.00083,0.0,0.15855,0.31269576299892077,0.5081478342000257
0.5,0.5,0.16666666666666666,0.33891494490702456,0.08465708386598553,0.00037,0.0,0.18079,0.33352909633225414,0.5081478342000257
0.5,0.5,0.20833333333333331,0.3283224782428669,0.08201154179713445,0.00012,0.0,0.20613,0.3543624296655874,0.5081478342000257
0.5,0.5,0.25,0.31773001157870917,0.07936599972828336,1e-05,0.0,0.23435,0.37519576299892077,0.5081478342000257
0.5,0.5,0.29166666666666663,0.30713754491455153,0.07672045765943226,0.0,0.0,0.26718,0.396029096332254,0.5081478342000257
0.5,0.5,0.3333333333333333,0.29654507825039383,0.07407491559058117,0.0,0.0,0.30432,0.4168624296655874,0.5081478342000257
0.5,0.5,0.375,0.28595261158623614,0.07142937352173007,0.0,0.0,0.3463,0.43769576299892077,0.5081478342000257
0.5,0.5,0.41666666666666663,0.2753601449220785,0.06878383145287899,0.0,0.0,0.39111,0.458529096332254,0.5081478342000257
0.5,0.5,0.4583333333333333,0.26476767825792086,0.0661382893840279,0.0,0.0,0.44112,0.4793624296655874,0.5081478342000257
0.5,0.5,0.5,0.2541752115937631,0.0634927473151768,0.0,0.0,0.49514,0.5001957629989208,0.5081478342000257
0.5,0.5,0.5416666666666666,0.24358274492960547,0.06084720524632572,0.0,0.0,0.55386,0.521029096332254,0.5081478342000257
0.5,0.5,0.5833333333333333,0.23299027826544777,0.058201663177474626,0.0,0.0,0.61328,0.5418624296655874,0.5081478342000257
0.5,0.5,0.625,0.22239781160129007,0.05555612110862353,0.0,0.0,0.67456,0.5626957629989208,0.5081478342000257
0.5,0.5,0.6666666666666666,0.21180534493713243,0.052910579039772455,0.0,0.0,0.73345,0.583529096332254,0.5081478342000257
0.5,0.5,0.7083333333333333,0.20121287827297474,0.050265036970921356,0.0,0.0,0.78899,0.6043624296655874,0.5081478342000257
0.5,0.5,0.75,0.19062041160881704,0.04761949490207026,0.0,0.0,0.83792,0.6251957629989208,0.5081478342000257
0.5,0.5,0.7916666666666666,0.1800279449446594,0.04497395283321917,0.0,0.0,0.88031,0.646029096332254,0.5081478342000257
0.5,0.5,0.8333333333333333,0.1694354782805017,0.04232841076436807,0.0,0.0,0.91653,0.6668624296655874,0.5081478342000257
0.5,0.5,0.875,0.158843011616344,0.03968286869551698,0.0,0.0,0.94596,0.6876957629989209,0.5081478342000257
0.5,0.5,0.9166666666666666,0.14825054495218637,0.0370373266266659,0.0,0.0,0.96795,0.708529096332254,0.5081478342000257
0.5,0.5,0.9583333333333333,0.13765807828802867,0.0343917845578148,0.0,0.0,0.98362,0.7293624296655874,0.5081478342000257
0.5,0.5,1.0,0.12706561162387098,0.03174624248896371,0.0,0.0,0.99314,0.7501957629989209,0.5081478342000257
0.5,0.5416666666666666,0.0,0.37937816756410686,0.09476305456899671,0.00456,0.0,0.11061,0.25394576299892074,0.5081478342000257
0.5,0.5416666666666666,0.041666666666666664,0.3687857008999492,0.09211751250014562,0.00262,0.0,0.12602,0.27477909633225406,0.5081478342000257
0.5,0.5416666666666666,0.08333333333333333,0.3581932342357916,0.08947197043129453,0.00154,0.0,0.1432,0.29561242966558743,0.5081478342000257
0.5,0.5416666666666666,0.125,0.34760076757163394,0.08682642836244343,0.00073,0.0,0.16233,0.31644576299892074,0.5081478342000257
0.5,0.5416666666666666,0.16666666666666666,0.33700830090747613,0.08418088629359234,0.0003,0.0,0.18503,0.33727909633225406,0.5081478342000257
0.5,0.5416666666666666,0.20833333333333331,0.32641583424331855,0.08153534422474126,0.0001,0.0,0.21082,0.35811242966558743,0.5081478342000257
0.5,0.5416666666666666,0.25,0.31582336757916085,0.07888980215589017,0.0,0.0,0.24017,0.3789457629989207,0.5081478342000257
0.5,0.5416666666666666,0.29166666666666663,0.30523090091500316,0.07624426008703906,0.0,0.0,0.27377,0.39977909633225406,0.5081478342000257
0.5,0.5416666666666666,0.3333333333333333,0.29463843425084546,0.07359871801818797,0.0,0.0,0.31136,0.42061242966558743,0.5081478342000257
0.5,0.5416666666666666,0.375,0.2840459675866878,0.0709531759493369,0.0,0.0,0.35407,0.4414457629989207,0.5081478342000257
0.5,0.5416666666666666,0.41666666666666663,0.2734535009225301,0.06830763388048579,0.0,0.0,0.39947,0.46227909633225406,0.5081478342000257
0.5,0.5416666666666666,0.4583333333333333,0.2628610342583725,0.06566209181163471,0.0,0.0,0.45079,0.48311242966558743,0.5081478342000257
0.5,0.5416666666666666,0.5,0.2522685675942148,0.06301654974278362,0.0,0.0,0.50597,0.5039457629989207,0.5081478342000257
0.5,0.5416666666666666,0.5416666666666666,0.24167610093005706,0.06037100767393252,0.0,0.0,0.56489,0.5247790963322541,0.5081478342000257
0.5,0.5416666666666666,0.5833333333333333,0.23108363426589945,0.05772546560508143,0.0,0.0,0.62385,0.5456124296655873,0.5081478342000257
0.5,0.5416666666666666,0.625,0.22049116760174176,0.05507992353623035,0.0,0.0,0.68521,0.5664457629989207,0.5081478342000257
0.5,0.5416666666666666,0.6666666666666666,0.20989870093758406,0.052434381467379255,0.0,0.0,0.74375,0.5872790963322541,0.5081478342000257
0.5,0.5416666666666666,0.7083333333333333,0.1993062342734264,0.04978883939852816,0.0,0.0,0.79827,0.6081124296655873,0.5081478342000257
0.5,0.5416666666666666,0.75,0.18871376760926872,0.047143297329677064,0.0,0.0,0.84581,0.6289457629989207,0.5081478342000257
0.5,0.5416666666666666,0.7916666666666666,0.178121300945111,0.04449775526082597,0.0,0.0,0.88724,0.6497790963322541,0.5081478342000257
0.5,0.5416666666666666,0.8333333333333333,0.1675288342809534,0.04185221319197489,0.0,0.0,0.92204,0.6706124296655872,0.5081478342000257
0.5,0.5416666666666666,0.875,0.15693636761679566,0.039206671123123794,0.0,0.0,0.95061,0.6914457629989207,0.5081478342000257
0.5,0.5416666666666666,0.9166666666666666,0.14634390095263797,0.0365611290542727,0.0,0.0,0.97135,0.7122790963322542,0.5081478342000257
0.5,0.5416666666666666,0.9583333333333333,0.13575143428848033,0.03391558698542162,0.0,0.0,0.98568,0.7331124296655872,0.5081478342000257
0.5,0.5416666666666666,1.0,0.12515896762432266,0.031270044916570525,0.0,0.0,0.99431,0.7539457629989207,0.5081478342000257
0.5,0.5833333333333333,0.0,0.37747152356455854,0.09428685699660351,0.00409,0.0,0.11316,0.2576957629989208,0.5081478342000257
0.5,0.5833333333333333,0.041666666666666664,0.36687905690040085,0.09164131492775243,0.00239,0.0,0.12881,0.2785290963322541,0.5081478342000257
0.5,0.5833333333333333,0.08333333333333333,0.35628659023624315,0.08899577285890133,0.00136,0.0,0.1464,0.2993624296655874,0.5081478342000257
0.5,0.5833333333333333,0.125,0.3456941235720855,0.08635023079005025,0.00068,0.0,0.16625,0.3201957629989208,0.5081478342000257
0.5,0.5833333333333333,0.16666666666666666,0.3351016569079278,0.08370468872119917,0.00025,0.0,0.18957,0.34102909633225403,0.5081478342000257
0.5,0.5833333333333333,0.20833333333333331,0.3245091902437702,0.08105914665234805,0.0001,0.0,0.21586,0.36186242966558735,0.5081478342000257
0.5,0.5833333333333333,0.25,0.3139167235796124,0.07841360458349696,0.0,0.0,0.2459,0.3826957629989208,0.5081478342000257
0.5,0.5833333333333333,0.29166666666666663,0.3033242569154547,0.07576806251464586,0.0,0.0,0.28022,0.40352909633225414,0.5081478342000257
0.5,0.5833333333333333,0.3333333333333333,0.29273179025129714,0.07312252044579479,0.0,0.0,0.31837,0.42436242966558735,0.5081478342000257
0.5,0.5833333333333333,0.375,0.28213932358713945,0.0704769783769437,0.0,0.0,0.36173,0.4451957629989208,0.5081478342000257
0.5,0.5833333333333333,0.41666666666666663,0.27154685692298175,0.0678314363080926,0.0,0.0,0.40821,0.46602909633225414,0.5081478342000257
0.5,0.5833333333333333,0.4583333333333333,0.26095439025882405,0.06518589423924151,0.0,0.0,0.46009,0.48686242966558735,0.5081478342000257
0.5,0.5833333333333333,0.5,0.2503619235946664,0.06254035217039042,0.0,0.0,0.5166,0.5076957629989207,0.5081478342000257
0.5,0.5833333333333333,0.5416666666666666,0.23976945693050872,0.05989481010153933,0.0,0.0,0.57536,0.5285290963322541,0.5081478342000257
0.5,0.5833333333333333,0.5833333333333333,0.22917699026635105,0.05724926803268823,0.0,0.0,0.63513,0.5493624296655873,0.5081478342000257
0.5,0.5833333333333333,0.625,0.21858452360219335,0.05460372596383714,0.0,0.0,0.69595,0.5701957629989207,0.5081478342000257
0.5,0.5833333333333333,0.6666666666666666,0.20799205693803569,0.05195818389498605,0.0,0.0,0.75411,0.5910290963322541,0.5081478342000257
0.5,0.5833333333333333,0.7083333333333333,0.19739959027387802,0.04931264182613497,0.0,0.0,0.8074,0.6118624296655873,0.5081478342000257
0.5,0.5833333333333333,0.75,0.1868071236097203,0.04666709975728388,0.0,0.0,0.85369,0.6326957629989207,0.5081478342000257
0.5,0.5833333333333333,0.7916666666666666,0.17621465694556268,0.044021557688432786,0.0,0.0,0.89443,0.653529096332254,0.5081478342000257
0.5,0.5833333333333333,0.8333333333333333,0.16562219028140499,0.04137601561958169,0.0,0.0,0.92742,0.6743624296655875,0.5081478342000257
0.5,0.5833333333333333,0.875,0.1550297236172473,0.038730473550730594,0.0,0.0,0.95475,0.6951957629989207,0.5081478342000257
0.5,0.5833333333333333,0.9166666666666666,0.14443725695308965,0.03608493148187951,0.0,0.0,0.97486,0.7160290963322541,0.5081478342000257
0.5,0.5833333333333333,0.9583333333333333,0.13384479028893195,0.03343938941302842,0.0,0.0,0.98783,0.7368624296655875,0.5081478342000257
0.5,0.5833333333333333,1.0,0.12325232362477426,0.03079384734417732,0.0,0.0,0.99533,0.7576957629989207,0.5081478342000257
0.5,0.625,0.0,0.3755648795650102,0.09381065942421031,0.00377,0.0,0.11579,0.26144576299892075,0.5081478342000257
0.5,0.625,0.041666666666666664,0.3649724129008525,0.09116511735535922,0.0022,0.0,0.13173,0.28227909633225406,0.5081478342000257
0.5,0.625,0.08333333333333333,0.35437994623669483,0.08851957528650811,0.00122,0.0,0.1496,0.3031124296655874,0.5081478342000257
0.5,0.625,0.125,0.34378747957253714,0.08587403321765703,0.00058,0.0,0.17035,0.32394576299892075,0.5081478342000257
0.5,0.625,0.16666666666666666,0.33319501290837944,0.08322849114880596,0.00022,0.0,0.1944,0.3447790963322541,0.5081478342000257
0.5,0.625,0.20833333333333331,0.32260254624422174,0.08058294907995486,5e-05,0.0,0.22084,0.3656124296655874,0.5081478342000257
0.5,0.625,0.25,0.31201007958006405,0.07793740701110376,0.0,0.0,0.25179,0.38644576299892075,0.5081478342000257
0.5,0.625,0.29166666666666663,0.3014176129159064,0.07529186494225269,0.0,0.0,0.28641,0.40727909633225406,0.5081478342000257
0.5,0.625,0.3333333333333333,0.2908251462517487,0.07264632287340159,0.0,0.0,0.326,0.4281124296655874,0.5081478342000257
0.5,0.625,0.375,0.28023267958759107,0.07000078080455048,0.0,0.0,0.36963,0.44894576299892075,0.5081478342000257
0.5,0.625,0.41666666666666663,0.2696402129234334,0.0673552387356994,0.0,0.0,0.41657,0.46977909633225406,0.5081478342000257
0.5,0.625,0.4583333333333333,0.2590477462592757,0.06470969666684831,0.0,0.0,0.46988,0.4906124296655874,0.5081478342000257
0.5,0.625,0.5,0.24845527959511798,0.062064154597997225,0.0,0.0,0.52706,0.5114457629989207,0.5081478342000257
0.5,0.625,0.5416666666666666,0.23786281293096034,0.05941861252914614,0.0,0.0,0.586,0.532279096332254,0.5081478342000257
0.5,0.625,0.5833333333333333,0.22727034626680262,0.05677307046029504,0.0,0.0,0.6469,0.5531124296655874,0.5081478342000257
0.5,0.625,0.625,0.21667787960264492,0.05412752839144394,0.0,0.0,0.70661,0.5739457629989207,0.5081478342000257
0.5,0.625,0.6666666666666666,0.2060854129384873,0.051481986322592856,0.0,0.0,0.76416,0.594779096332254,0.5081478342000257
0.5,0.625,0.7083333333333333,0.1954929462743296,0.04883644425374176,0.0,0.0,0.81607,0.6156124296655874,0.5081478342000257
0.5,0.625,0.75,0.1849004796101719,0.046190902184890664,0.0,0.0,0.86125,0.6364457629989207,0.5081478342000257
0.5,0.625,0.7916666666666666,0.17430801294601428,0.04354536011603959,0.0,0.0,0.90114,0.657279096332254,0.5081478342000257
0.5,0.625,0.8333333333333333,0.16371554628185658,0.040899818047188494,0.0,0.0,0.93295,0.6781124296655874,0.5081478342000257
0.5,0.625,0.875,0.1531230796176989,0.038254275978337395,0.0,0.0,0.95874,0.6989457629989206,0.5081478342000257
0.5,0.625,0.9166666666666666,0.14253061295354125,0.035608733909486316,0.0,0.0,0.97746,0.7197790963322541,0.5081478342000257
0.5,0.625,0.9583333333333333,0.13193814628938355,0.03296319184063522,0.0,0.0,0.98951,0.7406124296655874,0.5081478342000257
0.5,0.625,1.0,0.12134567962522584,0.030317649771784118,0.0,0.0,0.99609,0.7614457629989206,0.5081478342000257
0.5,0.6666666666666666,0.0,0.3736582355654618,0.09333446185181712,0.00349,0.0,0.1186,0.2651957629989208,0.5081478342000257
0.5,0.6666666666666666,0.041666666666666664,0.36306576890130404,0.09068891978296602,0.00205,0.0,0.13469,0.2860290963322541,0.5081478342000257
0.5,0.6666666666666666,0.08333333333333333,0.3524733022371464,0.08804337771411494,0.00103,0.0,0.15324,0.3068624296655874,0.5081478342000257
0.5,0.6666666666666666,0.125,0.34188083557298865,0.08539783564526383,0.00051,0.0,0.17436,0.32769576299892067,0.5081478342000257
0.5,0.6666666666666666,0.16666666666666666,0.331288368908831,0.08275229357641276,0.00017,0.0,0.19925,0.34852909633225404,0.5081478342000257
0.5,0.6666666666666666,0.20833333333333331,0.32069590224467337,0.08010675150756166,3e-05,0.0,0.22609,0.36936242966558747,0.5081478342000257
0.5,0.6666666666666666,0.25,0.3101034355805157,0.07746120943871057,0.0,0.0,0.25804,0.39019576299892067,0.5081478342000257
0.5,0.6666666666666666,0.29166666666666663,0.299510968916358,0.07481566736985948,0.0,0.0,0.29286,0.41102909633225404,0.5081478342000257
0.5,0.6666666666666666,0.3333333333333333,0.2889185022522003,0.07217012530100839,0.0,0.0,0.33386,0.43186242966558747,0.5081478342000257
0.5,0.6666666666666666,0.375,0.27832603558804264,0.0695245832321573,0.0,0.0,0.3775,0.45269576299892067,0.5081478342000257
0.5,0.6666666666666666,0.41666666666666663,0.26773356892388495,0.0668790411633062,0.0,0.0,0.42624,0.47352909633225404,0.5081478342000257
0.5,0.6666666666666666,0.4583333333333333,0.25714110225972725,0.06423349909445511,0.0,0.0,0.47909,0.4943624296655874,0.5081478342000257
0.5,0.6666666666666666,0.5,0.2465486355955696,0.061587957025604025,0.0,0.0,0.53765,0.5151957629989207,0.5081478342000257
0.5,0.6666666666666666,0.5416666666666666,0.23595616893141197,0.05894241495675294,0.0,0.0,0.59726,0.536029096332254,0.5081478342000257
0.5,0.6666666666666666,0.5833333333333333,0.22536370226725427,0.05629687288790185,0.0,0.0,0.65743,0.5568624296655874,0.5081478342000257
0.5,0.6666666666666666,0.625,0.21477123560309658,0.05365133081905075,0.0,0.0,0.71756,0.5776957629989207,0.5081478342000257
0.5,0.6666666666666666,0.6666666666666666,0.2041787689389389,0.05100578875019966,0.0,0.0,0.77381,0.598529096332254,0.5081478342000257
0.5,0.6666666666666666,0.7083333333333333,0.19358630227478127,0.04836024668134858,0.0,0.0,0.82431,0.6193624296655873,0.5081478342000257
0.5,0.6666666666666666,0.75,0.1829938356106235,0.045714704612497464,0.0,0.0,0.86912,0.6401957629989208,0.5081478342000257
0.5,0.6666666666666666,0.7916666666666666,0.17240136894646588,0.043069162543646386,0.0,0.0,0.90756,0.6610290963322542,0.5081478342000257
0.5,0.6666666666666666,0.8333333333333333,0.16180890228230824,0.04042362047479531,0.0,0.0,0.93811,0.6818624296655873,0.5081478342000257
0.5,0.6666666666666666,0.875,0.15121643561815049,0.037778078405944195,0.0,0.0,0.96249,0.7026957629989207,0.5081478342000257
0.5,0.6666666666666666,0.9166666666666666,0.14062396895399285,0.035132536337093116,0.0,0.0,0.98002,0.7235290963322542,0.5081478342000257
0.5,0.6666666666666666,0.9583333333333333,0.13003150228983518,0.03248699426824203,0.0,0.0,0.99109,0.7443624296655873,0.5081478342000257
0.5,0.6666666666666666,1.0,0.11943903562567747,0.029841452199390918,0.0,0.0,0.99681,0.7651957629989207,0.5081478342000257
0.5,0.7083333333333333,0.0,0.3717515915659134,0.09285826427942392,0.00316,0.0,0.12166,0.26894576299892076,0.5081478342000257
0.5,0.7083333333333333,0.041666666666666664,0.3611591249017556,0.09021272221057283,0.00181,0.0,0.13786,0.28977909633225407,0.5081478342000257
0.5,0.7083333333333333,0.08333333333333333,0.35056665823759803,0.08756718014172173,0.00087,0.0,0.15669,0.3106124296655874,0.5081478342000257
0.5,0.7083333333333333,0.125,0.33997419157344033,0.08492163807287066,0.00043,0.0,0.17838,0.33144576299892076,0.5081478342000257
0.5,0.7083333333333333,0.16666666666666666,0.32938172490928264,0.08227609600401954,0.00013,0.0,0.20364,0.3522790963322541,0.5081478342000257
0.5,0.7083333333333333,0.20833333333333331,0.318789258245125,0.07963055393516846,2e-05,0.0,0.23163,0.3731124296655874,0.5081478342000257
0.5,0.7083333333333333,0.25,0.30819679158096736,0.07698501186631738,0.0,0.0,0.26378,0.3939457629989207,0.5081478342000257
0.5,0.7083333333333333,0.29166666666666663,0.2976043249168096,0.07433946979746628,0.0,0.0,0.30029,0.4147790963322541,0.5081478342000257
0.5,0.7083333333333333,0.3333333333333333,0.28701185825265196,0.0716939277286152,0.0,0.0,0.3419,0.4356124296655874,0.5081478342000257
0.5,0.7083333333333333,0.375,0.27641939158849427,0.0690483856597641,0.0,0.0,0.38609,0.45644576299892076,0.5081478342000257
0.5,0.7083333333333333,0.41666666666666663,0.26582692492433657,0.066402843590913,0.0,0.0,0.43582,0.4772790963322541,0.5081478342000257
0.5,0.7083333333333333,0.4583333333333333,0.25523445826017893,0.06375730152206191,0.0,0.0,0.4894,0.4981124296655874,0.5081478342000257
0.5,0.7083333333333333,0.5,0.24464199159602126,0.06111175945321083,0.0,0.0,0.5482,0.5189457629989208,0.5081478342000257
0.5,0.7083333333333333,0.5416666666666666,0.23404952493186357,0.05846621738435973,0.0,0.0,0.60781,0.5397790963322541,0.5081478342000257
0.5,0.7083333333333333,0.5833333333333333,0.22345705826770595,0.055820675315508654,0.0,0.0,0.66846,0.5606124296655873,0.5081478342000257
0.5,0.7083333333333333,0.625,0.21286459160354818,0.05317513324665755,0.0,0.0,0.72784,0.5814457629989208,0.5081478342000257
0.5,0.7083333333333333,0.6666666666666666,0.20227212493939054,0.05052959117780646,0.0,0.0,0.78334,0.6022790963322541,0.5081478342000257
0.5,0.7083333333333333,0.7083333333333333,0.19167965827523287,0.04788404910895537,0.0,0.0,0.83299,0.6231124296655873,0.5081478342000257
0.5,0.7083333333333333,0.75,0.18108719161107517,0.045238507040104285,0.0,0.0,0.87663,0.6439457629989208,0.5081478342000257
0.5,0.7083333333333333,0.7916666666666666,0.17049472494691748,0.042592964971253186,0.0,0.0,0.91338,0.6647790963322541,0.5081478342000257
0.5,0.7083333333333333,0.8333333333333333,0.15990225828275986,0.03994742290240211,0.0,0.0,0.94324,0.6856124296655872,0.5081478342000257
0.5,0.7083333333333333,0.875,0.14930979161860214,0.03730188083355101,0.0,0.0,0.96621,0.7064457629989207,0.5081478342000257
0.5,0.7083333333333333,0.9166666666666666,0.13871732495444444,0.03465633876469991,0.0,0.0,0.98244,0.7272790963322541,0.5081478342000257
0.5,0.7083333333333333,0.9583333333333333,0.1281248582902868,0.03201079669584883,0.0,0.0,0.99239,0.7481124296655874,0.5081478342000257
0.5,0.7083333333333333,1.0,0.1175323916261291,0.029365254626997732,0.0,0.0,0.99729,0.7689457629989207,0.5081478342000257
0.5,0.75,0.0,0.369844947566365,0.09238206670703071,0.00284,0.0,0.12439,0.27269576299892073,0.5081478342000257
0.5,0.75,0.041666666666666664,0.3592524809022073,0.08973652463817963,0.0016,0.0,0.14133,0.2935290963322541,0.5081478342000257
0.5,0.75,0.08333333333333333,0.3486600142380496,0.08709098256932855,0.00079,0.0,0.1601,0.3143624296655874,0.5081478342000257
0.5,0.75,0.125,0.33806754757389196,0.08444544050047745,0.00032,0.0,0.1826,0.3351957629989208,0.5081478342000257
0.5,0.75,0.16666666666666666,0.32747508090973426,0.08179989843162636,0.00011,0.0,0.20819,0.35602909633225405,0.5081478342000257
0.5,0.75,0.20833333333333331,0.3168826142455766,0.07915435636277526,0.0,0.0,0.23694,0.3768624296655874,0.5081478342000257
0.5,0.75,0.25,0.3062901475814189,0.07650881429392418,0.0,0.0,0.27011,0.3976957629989207,0.5081478342000257
0.5,0.75,0.29166666666666663,0.29569768091726123,0.07386327222507309,0.0,0.0,0.3074,0.41852909633225405,0.5081478342000257
0.5,0.75,0.3333333333333333,0.28510521425310353,0.071217730156222,0.0,0.0,0.34983,0.4393624296655874,0.5081478342000257
0.5,0.75,0.375,0.27451274758894584,0.06857218808737091,0.0,0.0,0.39496,0.4601957629989207,0.5081478342000257
0.5,0.75,0.41666666666666663,0.2639202809247882,0.06592664601851982,0.0,0.0,0.44539,0.48102909633225405,0.5081478342000257
0.5,0.75,0.4583333333333333,0.25332781426063056,0.06328110394966872,0.0,0.0,0.5,0.5018624296655874,0.5081478342000257
0.5,0.75,0.5,0.24273534759647286,0.06063556188081763,0.0,0.0,0.55861,0.5226957629989207,0.5081478342000257
0.5,0.75,0.5416666666666666,0.23214288093231517,0.05799001981196654,0.0,0.0,0.61847,0.5435290963322541,0.5081478342000257
0.5,0.75,0.5833333333333333,0.2215504142681575,0.05534447774311546,0.0,0.0,0.67945,0.5643624296655874,0.5081478342000257
0.5,0.75,0.625,0.21095794760399977,0.052698935674264355,0.0,0.0,0.73771,0.5851957629989207,0.5081478342000257
0.5,0.75,0.6666666666666666,0.20036548093984208,0.050053393605413256,0.0,0.0,0.79317,0.6060290963322541,0.5081478342000257
0.5,0.75,0.7083333333333333,0.18977301427568447,0.04740785153656218,0.0,0.0,0.84168,0.6268624296655874,0.5081478342000257
0.5,0.75,0.75,0.17918054761152677,0.044762309467711085,0.0,0.0,0.88332,0.6476957629989207,0.5081478342000257
0.5,0.75,0.7916666666666666,0.1685880809473691,0.04211676739885999,0.0,0.0,0.91909,0.6685290963322541,0.5081478342000257
0.5,0.75,0.8333333333333333,0.15799561428321143,0.0394712253300089,0.0,0.0,0.94809,0.6893624296655874,0.5081478342000257
0.5,0.75,0.875,0.14740314761905374,0.03682568326115781,0.0,0.0,0.96938,0.7101957629989207,0.5081478342000257
0.5,0.75,0.9166666666666666,0.13681068095489604,0.03418014119230671,0.0,0.0,0.98467,0.7310290963322541,0.5081478342000257
0.5,0.75,0.9583333333333333,0.1262182142907384,0.03153459912345563,0.0,0.0,0.99374,0.7518624296655874,0.5081478342000257
0.5,0.75,1.0,0.1156257476265807,0.028889057054604532,0.0,0.0,0.99786,0.7726957629989207,0.5081478342000257
0.5,0.7916666666666666,0.0,0.3679383035668166,0.09190586913463754,0.00253,0.0,0.12726,0.27644576299892076,0.5081478342000257
0.5,0.7916666666666666,0.041666666666666664,0.3573458369026589,0.08926032706578645,0.00146,0.0,0.14452,0.297279096332254,0.5081478342000257
0.5,0.7916666666666666,0.08333333333333333,0.3467533702385012,0.08661478499693534,0.00071,0.0,0.16409,0.3181124296655874,0.5081478342000257
0.5,0.7916666666666666,0.125,0.3361609035743436,0.08396924292808426,0.00029,0.0,0.18703,0.3389457629989207,0.5081478342000257
0.5,0.7916666666666666,0.16666666666666666,0.32556843691018594,0.08132370085923317,0.0001,0.0,0.21309,0.359779096332254,0.5081478342000257
0.5,0.7916666666666666,0.20833333333333331,0.3149759702460282,0.07867815879038208,0.0,0.0,0.24286,0.3806124296655874,0.5081478342000257
0.5,0.7916666666666666,0.25,0.30438350358187055,0.07603261672153099,0.0,0.0,0.27655,0.4014457629989207,0.5081478342000257
0.5,0.7916666666666666,0.29166666666666663,0.29379103691771286,0.07338707465267989,0.0,0.0,0.31447,0.422279096332254,0.5081478342000257
0.5,0.7916666666666666,0.3333333333333333,0.28319857025355516,0.07074153258382879,0.0,0.0,0.35736,0.4431124296655874,0.5081478342000257
0.5,0.7916666666666666,0.375,0.2726061035893975,0.06809599051497771,0.0,0.0,0.40346,0.4639457629989207,0.5081478342000257
0.5,0.7916666666666666,0.41666666666666663,0.2620136369252398,0.06545044844612662,0.0,0.0,0.45489,0.484779096332254,0.5081478342000257
0.5,0.7916666666666666,0.4583333333333333,0.2514211702610821,0.06280490637727552,0.0,0.0,0.51081,0.5056124296655874,0.5081478342000257
0.5,0.7916666666666666,0.5,0.2408287035969245,0.06015936430842444,0.0,0.0,0.56933,0.5264457629989207,0.5081478342000257
0.5,0.7916666666666666,0.5416666666666666,0.23023623693276682,0.057513822239573346,0.0,0.0,0.62872,0.547279096332254,0.5081478342000257
0.5,0.7916666666666666,0.5833333333333333,0.21964377026860915,0.054868280170722254,0.0,0.0,0.68995,0.5681124296655873,0.5081478342000257
0.5,0.7916666666666666,0.625,0.20905130360445145,0.05222273810187116,0.0,0.0,0.74838,0.5889457629989207,0.5081478342000257
0.5,0.7916666666666666,0.6666666666666666,0.19845883694029376,0.04957719603302007,0.0,0.0,0.80233,0.609779096332254,0.5081478342000257
0.5,0.7916666666666666,0.7083333333333333,0.18786637027613615,0.046931653964169,0.0,0.0,0.84915,0.6306124296655873,0.5081478342000257
0.5,0.7916666666666666,0.75,0.1772739036119784,0.04428611189531788,0.0,0.0,0.89024,0.6514457629989208,0.5081478342000257
0.5,0.7916666666666666,0.7916666666666666,0.16668143694782075,0.0416405698264668,0.0,0.0,0.92444,0.672279096332254,0.5081478342000257
0.5,0.7916666666666666,0.8333333333333333,0.1560889702836631,0.038995027757615715,0.0,0.0,0.9525,0.6931124296655873,0.5081478342000257
0.5,0.7916666666666666,0.875,0.14549650361950534,0.03634948568876461,0.0,0.0,0.97301,0.7139457629989207,0.5081478342000257
0.5,0.7916666666666666,0.9166666666666666,0.1349040369553477,0.03370394361991352,0.0,0.0,0.98665,0.734779096332254,0.5081478342000257
0.5,0.7916666666666666,0.9583333333333333,0.12431157029119005,0.03105840155106244,0.0,0.0,0.99481,0.7556124296655873,0.5081478342000257
0.5,0.7916666666666666,1.0,0.1137191036270323,0.028412859482211332,0.0,0.0,0.99833,0.7764457629989207,0.5081478342000257
0.5,0.8333333333333333,0.0,0.36603165956726824,0.09142967156224432,0.00233,0.0,0.13027,0.28019576299892074,0.5081478342000257
0.5,0.8333333333333333,0.041666666666666664,0.35543919290311055,0.08878412949339323,0.0013,0.0,0.1478,0.3010290963322541,0.5081478342000257
0.5,0.8333333333333333,0.08333333333333333,0.34484672623895285,0.08613858742454215,0.00062,0.0,0.16816,0.3218624296655874,0.5081478342000257
0.5,0.8333333333333333,0.125,0.33425425957479515,0.08349304535569106,0.00023,0.0,0.19161,0.34269576299892074,0.5081478342000257
0.5,0.8333333333333333,0.16666666666666666,0.3236617929106375,0.08084750328683997,8e-05,0.0,0.21813,0.3635290963322541,0.5081478342000257
0.5,0.8333333333333333,0.20833333333333331,0.3130693262464798,0.07820196121798888,0.0,0.0,0.2485,0.3843624296655874,0.5081478342000257
0.5,0.8333333333333333,0.25,0.3024768595823222,0.07555641914913779,0.0,0.0,0.28279,0.40519576299892074,0.5081478342000257
0.5,0.8333333333333333,0.29166666666666663,0.2918843929181645,0.0729108770802867,0.0,0.0,0.32187,0.4260290963322541,0.5081478342000257
0.5,0.8333333333333333,0.3333333333333333,0.2812919262540068,0.0702653350114356,0.0,0.0,0.36531,0.4468624296655874,0.5081478342000257
0.5,0.8333333333333333,0.375,0.27069945958984915,0.06761979294258451,0.0,0.0,0.41187,0.46769576299892074,0.5081478342000257
0.5,0.8333333333333333,0.41666666666666663,0.26010699292569145,0.06497425087373342,0.0,0.0,0.46449,0.4885290963322541,0.5081478342000257
0.5,0.8333333333333333,0.4583333333333333,0.24951452626153375,0.06232870880488232,0.0,0.0,0.52126,0.5093624296655874,0.5081478342000257
0.5,0.8333333333333333,0.5,0.2389220595973761,0.05968316673603123,0.0,0.0,0.5801,0.5301957629989208,0.5081478342000257
0.5,0.8333333333333333,0.5416666666666666,0.22832959293321842,0.057037624667180147,0.0,0.0,0.64033,0.5510290963322542,0.5081478342000257
0.5,0.8333333333333333,0.5833333333333333,0.21773712626906075,0.054392082598329054,0.0,0.0,0.70061,0.5718624296655874,0.5081478342000257
0.5,0.8333333333333333,0.625,0.20714465960490303,0.05174654052947796,0.0,0.0,0.75857,0.5926957629989208,0.5081478342000257
0.5,0.8333333333333333,0.6666666666666666,0.19655219294074538,0.04910099846062687,0.0,0.0,0.811,0.6135290963322542,0.5081478342000257
0.5,0.8333333333333333,0.7083333333333333,0.1859597262765877,0.04645545639177578,0.0,0.0,0.85689,0.6343624296655874,0.5081478342000257
0.5,0.8333333333333333,0.75,0.17536725961243005,0.043809914322924685,0.0,0.0,0.89726,0.6551957629989207,0.5081478342000257
0.5,0.8333333333333333,0.7916666666666666,0.16477479294827233,0.04116437225407359,0.0,0.0,0.93008,0.6760290963322542,0.5081478342000257
0.5,0.8333333333333333,0.8333333333333333,0.15418232628411463,0.0385188301852225,0.0,0.0,0.95648,0.6968624296655875,0.5081478342000257
0.5,0.8333333333333333,0.875,0.14358985961995702,0.03587328811637142,0.0,0.0,0.976,0.7176957629989207,0.5081478342000257
0.5,0.8333333333333333,0.9166666666666666,0.13299739295579932,0.03322774604752032,0.0,0.0,0.98865,0.7385290963322542,0.5081478342000257
0.5,0.8333333333333333,0.9583333333333333,0.12240492629164161,0.03058220397866923,0.0,0.0,0.99569,0.7593624296655875,0.5081478342000257
0.5,0.8333333333333333,1.0,0.11181245962748398,0.02793666190981815,0.0,0.0,0.99871,0.7801957629989207,0.5081478342000257
0.5,0.875,0.0,0.3641250155677198,0.09095347398985114,0.00217,0.0,0.13318,0.28394576299892077,0.5081478342000257
0.5,0.875,0.041666666666666664,0.3535325489035621,0.08830793192100003,0.00113,0.0,0.1512,0.30477909633225414,0.5081478342000257
0.5,0.875,0.08333333333333333,0.34294008223940453,0.08566238985214895,0.00057,0.0,0.17228,0.32561242966558746,0.5081478342000257
0.5,0.875,0.125,0.33234761557524684,0.08301684778329785,0.0002,0.0,0.1963,0.34644576299892077,0.5081478342000257
0.5,0.875,0.16666666666666666,0.32175514891108914,0.08037130571444677,5e-05,0.0,0.22314,0.36727909633225414,0.5081478342000257
0.5,0.875,0.20833333333333331,0.31116268224693144,0.07772576364559568,0.0,0.0,0.25466,0.3881124296655874,0.5081478342000257
0.5,0.875,0.25,0.30057021558277375,0.07508022157674459,0.0,0.0,0.28935,0.4089457629989207,0.5081478342000257
0.5,0.875,0.29166666666666663,0.2899777489186161,0.07243467950789349,0.0,0.0,0.32923,0.42977909633225414,0.5081478342000257
0.5,0.875,0.3333333333333333,0.2793852822544584,0.0697891374390424,0.0,0.0,0.37328,0.4506124296655874,0.5081478342000257
0.5,0.875,0.375,0.2687928155903007,0.06714359537019132,0.0,0.0,0.42077,0.4714457629989207,0.5081478342000257
0.5,0.875,0.41666666666666663,0.2582003489261431,0.06449805330134023,0.0,0.0,0.47393,0.49227909633225414,0.5081478342000257
0.5,0.875,0.4583333333333333,0.24760788226198535,0.06185251123248913,0.0,0.0,0.53179,0.5131124296655875,0.5081478342000257
0.5,0.875,0.5,0.23701541559782774,0.05920696916363804,0.0,0.0,0.59127,0.5339457629989207,0.5081478342000257
0.5,0.875,0.5416666666666666,0.22642294893367002,0.05656142709478694,0.0,0.0,0.65133,0.5547790963322541,0.5081478342000257
0.5,0.875,0.5833333333333333,0.21583048226951235,0.05391588502593586,0.0,0.0,0.7115,0.5756124296655875,0.5081478342000257
0.5,0.875,0.625,0.20523801560535468,0.05127034295708477,0.0,0.0,0.76834,0.5964457629989207,0.5081478342000257
0.5,0.875,0.6666666666666666,0.19464554894119698,0.04862480088823368,0.0,0.0,0.81972,0.6172790963322541,0.5081478342000257
0.5,0.875,0.7083333333333333,0.18405308227703931,0.04597925881938259,0.0,0.0,0.86483,0.6381124296655875,0.5081478342000257
0.5,0.875,0.75,0.17346061561288162,0.04333371675053149,0.0,0.0,0.90382,0.6589457629989207,0.5081478342000257
0.5,0.875,0.7916666666666666,0.16286814894872395,0.0406881746816804,0.0,0.0,0.93544,0.6797790963322541,0.5081478342000257
0.5,0.875,0.8333333333333333,0.15227568228456628,0.038042632612829315,0.0,0.0,0.96033,0.7006124296655872,0.5081478342000257
0.5,0.875,0.875,0.1416832156204086,0.03539709054397822,0.0,0.0,0.97857,0.7214457629989207,0.5081478342000257
0.5,0.875,0.9166666666666666,0.1310907489562509,0.032751548475127124,0.0,0.0,0.99013,0.7422790963322541,0.5081478342000257
0.5,0.875,0.9583333333333333,0.12049828229209326,0.03010600640627604,0.0,0.0,0.99638,0.7631124296655872,0.5081478342000257
0.5,0.875,1.0,0.10990581562793555,0.027460464337424946,0.0,0.0,0.99896,0.7839457629989207,0.5081478342000257
0.5,0.9166666666666666,0.0,0.3622183715681715,0.09047727641745792,0.00192,0.0,0.1362,0.28769576299892075,0.5081478342000257
0.5,0.9166666666666666,0.041666666666666664,0.35162590490401374,0.08783173434860685,0.00097,0.0,0.15482,0.3085290963322541,0.5081478342000257
0.5,0.9166666666666666,0.08333333333333333,0.34103343823985605,0.08518619227975575,0.00049,0.0,0.17613,0.32936242966558743,0.5081478342000257
0.5,0.9166666666666666,0.125,0.3304409715756984,0.08254065021090466,0.00015,0.0,0.20109,0.35019576299892075,0.5081478342000257
0.5,0.9166666666666666,0.16666666666666666,0.3198485049115407,0.07989510814205358,2e-05,0.0,0.22852,0.37102909633225406,0.5081478342000257
0.5,0.9166666666666666,0.20833333333333331,0.3092560382473831,0.07724956607320249,0.0,0.0,0.26068,0.39186242966558743,0.5081478342000257
0.5,0.9166666666666666,0.25,0.2986635715832254,0.0746040240043514,0.0,0.0,0.2961,0.4126957629989207,0.5081478342000257
0.5,0.9166666666666666,0.29166666666666663,0.28807110491906773,0.07195848193550029,0.0,0.0,0.33757,0.43352909633225406,0.5081478342000257
0.5,0.9166666666666666,0.3333333333333333,0.27747863825491004,0.06931293986664921,0.0,0.0,0.38127,0.45436242966558743,0.5081478342000257
0.5,0.9166666666666666,0.375,0.26688617159075234,0.06666739779779811,0.0,0.0,0.43043,0.4751957629989207,0.5081478342000257
0.5,0.9166666666666666,0.41666666666666663,0.2562937049265947,0.06402185572894702,0.0,0.0,0.48376,0.49602909633225406,0.5081478342000257
0.5,0.9166666666666666,0.4583333333333333,0.245701238262437,0.06137631366009593,0.0,0.0,0.54237,0.5168624296655874,0.5081478342000257
0.5,0.9166666666666666,0.5,0.2351087715982793,0.05873077159124484,0.0,0.0,0.60193,0.5376957629989207,0.5081478342000257
0.5,0.9166666666666666,0.5416666666666666,0.22451630493412164,0.05608522952239375,0.0,0.0,0.66235,0.558529096332254,0.5081478342000257
0.5,0.9166666666666666,0.5833333333333333,0.21392383826996397,0.05343968745354267,0.0,0.0,0.7223,0.5793624296655874,0.5081478342000257
0.5,0.9166666666666666,0.625,0.20333137160580628,0.05079414538469156,0.0,0.0,0.77805,0.6001957629989207,0.5081478342000257
0.5,0.9166666666666666,0.6666666666666666,0.19273890494164866,0.048148603315840484,0.0,0.0,0.82819,0.621029096332254,0.5081478342000257
0.5,0.9166666666666666,0.7083333333333333,0.18214643827749097,0.04550306124698939,0.0,0.0,0.87241,0.6418624296655874,0.5081478342000257
0.5,0.9166666666666666,0.75,0.17155397161333327,0.0428575191781383,0.0,0.0,0.91025,0.6626957629989207,0.5081478342000257
0.5,0.9166666666666666,0.7916666666666666,0.1609615049491756,0.04021197710928721,0.0,0.0,0.94057,0.6835290963322541,0.5081478342000257
0.5,0.9166666666666666,0.8333333333333333,0.1503690382850179,0.037566435040436115,0.0,0.0,0.96413,0.7043624296655874,0.5081478342000257
0.5,0.9166666666666666,0.875,0.13977657162086018,0.034920892971585016,0.0,0.0,0.98119,0.7251957629989207,0.5081478342000257
0.5,0.9166666666666666,0.9166666666666666,0.12918410495670257,0.03227535090273394,0.0,0.0,0.99172,0.7460290963322541,0.5081478342000257
0.5,0.9166666666666666,0.9583333333333333,0.11859163829254486,0.029629808833882845,0.0,0.0,0.99705,0.7668624296655874,0.5081478342000257
0.5,0.9166666666666666,1.0,0.10799917162838718,0.02698426676503175,0.0,0.0,0.99916,0.7876957629989207,0.5081478342000257
0.5,0.9583333333333333,0.0,0.360311727568623,0.09000107884506472,0.00172,0.0,0.13934,0.2914457629989208,0.5081478342000257
0.5,0.9583333333333333,0.041666666666666664,0.3497192609044653,0.08735553677621365,0.00085,0.0,0.15808,0.3122790963322541,0.5081478342000257
0.5,0.9583333333333333,0.08333333333333333,0.33912679424030767,0.08470999470736257,0.00039,0.0,0.18029,0.3331124296655874,0.5081478342000257
0.5,0.9583333333333333,0.125,0.32853432757615003,0.08206445263851146,0.00012,0.0,0.20562,0.35394576299892067,0.5081478342000257
0.5,0.9583333333333333,0.16666666666666666,0.3179418609119924,0.07941891056966038,2e-05,0.0,0.23388,0.374779096332254,0.5081478342000257
0.5,0.9583333333333333,0.20833333333333331,0.3073493942478347,0.07677336850080928,0.0,0.0,0.26652,0.39561242966558746,0.5081478342000257
0.5,0.9583333333333333,0.25,0.296756927583677,0.07412782643195819,0.0,0.0,0.30337,0.4164457629989208,0.5081478342000257
0.5,0.9583333333333333,0.29166666666666663,0.28616446091951936,0.07148228436310711,0.0,0.0,0.34546,0.43727909633225415,0.5081478342000257
0.5,0.9583333333333333,0.3333333333333333,0.27557199425536166,0.06883674229425601,0.0,0.0,0.39032,0.45811242966558746,0.5081478342000257
0.5,0.9583333333333333,0.375,0.26497952759120397,0.06619120022540492,0.0,0.0,0.44027,0.4789457629989208,0.5081478342000257
0.5,0.9583333333333333,0.41666666666666663,0.2543870609270463,0.06354565815655383,0.0,0.0,0.49393,0.49977909633225415,0.5081478342000257
0.5,0.9583333333333333,0.4583333333333333,0.2437945942628886,0.06090011608770274,0.0,0.0,0.55274,0.5206124296655875,0.5081478342000257
0.5,0.9583333333333333,0.5,0.2332021275987309,0.05825457401885165,0.0,0.0,0.6122,0.5414457629989208,0.5081478342000257
0.5,0.9583333333333333,0.5416666666666666,0.22260966093457327,0.055609031950000554,0.0,0.0,0.67322,0.5622790963322539,0.5081478342000257
0.5,0.9583333333333333,0.5833333333333333,0.2120171942704156,0.05296348988114947,0.0,0.0,0.73228,0.5831124296655873,0.5081478342000257
0.5,0.9583333333333333,0.625,0.20142472760625796,0.05031794781229837,0.0,0.0,0.78778,0.6039457629989207,0.5081478342000257
0.5,0.9583333333333333,0.6666666666666666,0.19083226094210026,0.04767240574344729,0.0,0.0,0.83693,0.624779096332254,0.5081478342000257
0.5,0.9583333333333333,0.7083333333333333,0.18023979427794257,0.04502686367459619,0.0,0.0,0.87963,0.6456124296655875,0.5081478342000257
0.5,0.9583333333333333,0.75,0.16964732761378487,0.042381321605745106,0.0,0.0,0.91589,0.6664457629989207,0.5081478342000257
0.5,0.9583333333333333,0.7916666666666666,0.1590548609496272,0.039735779536894014,0.0,0.0,0.9454,0.6872790963322541,0.5081478342000257
0.5,0.9583333333333333,0.8333333333333333,0.14846239428546948,0.03709023746804292,0.0,0.0,0.96758,0.7081124296655874,0.5081478342000257
0.5,0.9583333333333333,0.875,0.13786992762131187,0.03444469539919183,0.0,0.0,0.9834,0.7289457629989207,0.5081478342000257
0.5,0.9583333333333333,0.9166666666666666,0.12727746095715417,0.03179915333034074,0.0,0.0,0.99299,0.7497790963322541,0.5081478342000257
0.5,0.9583333333333333,0.9583333333333333,0.11668499429299647,0.029153611261489642,0.0,0.0,0.99759,0.7706124296655874,0.5081478342000257
0.5,0.9583333333333333,1.0,0.10609252762883883,0.02650806919263856,0.0,0.0,0.9994,0.7914457629989207,0.5081478342000257
0.5,1.0,0.0,0.3584050835690747,0.08952488127267155,0.00156,0.0,0.14278,0.29519576299892075,0.5081478342000257
0.5,1.0,0.041666666666666664,0.347812616904917,0.08687933920382046,0.00074,0.0,0.16186,0.31602909633225407,0.5081478342000257
0.5,1.0,0.08333333333333333,0.3372201502407593,0.08423379713496935,0.0003,0.0,0.18453,0.3368624296655874,0.5081478342000257
0.5,1.0,0.125,0.32662768357660166,0.08158825506611828,0.0001,0.0,0.21031,0.3576957629989207,0.5081478342000257
0.5,1.0,0.16666666666666666,0.31603521691244396,0.07894271299726717,0.0,0.0,0.23966,0.37852909633225407,0.5081478342000257
0.5,1.0,0.20833333333333331,0.3054427502482863,0.07629717092841609,0.0,0.0,0.27309,0.3993624296655874,0.5081478342000257
0.5,1.0,0.25,0.2948502835841287,0.07365162885956501,0.0,0.0,0.31049,0.42019576299892075,0.5081478342000257
0.5,1.0,0.29166666666666663,0.28425781691997093,0.07100608679071391,0.0,0.0,0.35317,0.4410290963322541,0.5081478342000257
0.5,1.0,0.3333333333333333,0.2736653502558133,0.06836054472186281,0.0,0.0,0.3983,0.4618624296655874,0.5081478342000257
0.5,1.0,0.375,0.26307288359165565,0.06571500265301172,0.0,0.0,0.44969,0.48269576299892075,0.5081478342000257
0.5,1.0,0.41666666666666663,0.25248041692749795,0.06306946058416063,0.0,0.0,0.50475,0.5035290963322541,0.5081478342000257
0.5,1.0,0.4583333333333333,0.24188795026334026,0.060423918515309545,0.0,0.0,0.56362,0.5243624296655874,0.5081478342000257
0.5,1.0,0.5,0.23129548359918256,0.05777837644645845,0.0,0.0,0.62276,0.5451957629989208,0.5081478342000257
0.5,1.0,0.5416666666666666,0.2207030169350249,0.05513283437760736,0.0,0.0,0.68419,0.5660290963322541,0.5081478342000257
0.5,1.0,0.5833333333333333,0.21011055027086725,0.052487292308756275,0.0,0.0,0.74262,0.5868624296655873,0.5081478342000257
0.5,1.0,0.625,0.19951808360670956,0.049841750239905176,0.0,0.0,0.79716,0.6076957629989208,0.5081478342000257
0.5,1.0,0.6666666666666666,0.18892561694255186,0.04719620817105408,0.0,0.0,0.84495,0.6285290963322541,0.5081478342000257
0.5,1.0,0.7083333333333333,0.17833315027839416,0.04455066610220299,0.0,0.0,0.88636,0.6493624296655873,0.5081478342000257
0.5,1.0,0.75,0.16774068361423647,0.041905124033351906,0.0,0.0,0.92141,0.6701957629989207,0.5081478342000257
0.5,1.0,0.7916666666666666,0.1571482169500788,0.039259581964500814,0.0,0.0,0.95013,0.6910290963322541,0.5081478342000257
0.5,1.0,0.8333333333333333,0.14655575028592116,0.03661403989564973,0.0,0.0,0.97099,0.7118624296655872,0.5081478342000257
0.5,1.0,0.875,0.13596328362176346,0.03396849782679863,0.0,0.0,0.9855,0.7326957629989207,0.5081478342000257
0.5,1.0,0.9166666666666666,0.1253708169576058,0.03132295575794754,0.0,0.0,0.99418,0.7535290963322541,0.5081478342000257
0.5,1.0,0.9583333333333333,0.11477835029344813,0.028677413689096456,0.0,0.0,0.99805,0.7743624296655872,0.5081478342000257
0.5,1.0,1.0,0.10418588362929043,0.02603187162024536,0.0,0.0,0.99962,0.7951957629989207,0.5081478342000257
0.85,0.0,0.0,0.36679431716708755,0.0916201505912016,0.00238,0.0,0.12897,0.27869576299892074,0.5081478342000257
0.85,0.0,0.041666666666666664,0.3562018505029299,0.08897460852235052,0.00136,0.0,0.14656,0.2995290963322541,0.5081478342000257
0.85,0.0,0.08333333333333333,0.3456093838387722,0.08632906645349941,0.00068,0.0,0.16641,0.3203624296655874,0.5081478342000257
0.85,0.0,0.125,0.3350169171746145,0.08368352438464834,0.00024,0.0,0.18977,0.3411957629989207,0.5081478342000257
0.85,0.0,0.16666666666666666,0.3244244505104569,0.08103798231579726,0.0001,0.0,0.21612,0.36202909633225405,0.5081478342000257
0.85,0.0,0.20833333333333331,0.3138319838462992,0.07839244024694615,0.0,0.0,0.24625,0.3828624296655874,0.5081478342000257
0.85,0.0,0.25,0.3032395171821415,0.07574689817809506,0.0,0.0,0.28053,0.4036957629989207,0.5081478342000257
0.85,0.0,0.29166666666666663,0.2926470505179838,0.07310135610924397,0.0,0.0,0.31868,0.42452909633225405,0.5081478342000257
0.85,0.0,0.3333333333333333,0.2820545838538262,0.07045581404039289,0.0,0.0,0.36215,0.4453624296655874,0.5081478342000257
0.85,0.0,0.375,0.27146211718966845,0.06781027197154178,0.0,0.0,0.4086,0.4661957629989207,0.5081478342000257
0.85,0.0,0.41666666666666663,0.2608696505255108,0.0651647299026907,0.0,0.0,0.46055,0.48702909633225405,0.5081478342000257
0.85,0.0,0.4583333333333333,0.25027718386135317,0.06251918783383961,0.0,0.0,0.51702,0.5078624296655874,0.5081478342000257
0.85,0.0,0.5,0.23968471719719542,0.05987364576498851,0.0,0.0,0.57584,0.5286957629989207,0.5081478342000257
0.85,0.0,0.5416666666666666,0.22909225053303772,0.05722810369613742,0.0,0.0,0.6356,0.549529096332254,0.5081478342000257
0.85,0.0,0.5833333333333333,0.2184997838688801,0.05458256162728634,0.0,0.0,0.69645,0.5703624296655874,0.5081478342000257
0.85,0.0,0.625,0.2079073172047224,0.05193701955843524,0.0,0.0,0.75464,0.5911957629989207,0.5081478342000257
0.85,0.0,0.6666666666666666,0.19731485054056472,0.04929147748958415,0.0,0.0,0.80771,0.6120290963322541,0.5081478342000257
0.85,0.0,0.7083333333333333,0.18672238387640705,0.04664593542073306,0.0,0.0,0.85402,0.6328624296655874,0.5081478342000257
0.85,0.0,0.75,0.17612991721224938,0.04400039335188197,0.0,0.0,0.8947,0.6536957629989207,0.5081478342000257
0.85,0.0,0.7916666666666666,0.16553745054809166,0.041354851283030875,0.0,0.0,0.92767,0.6745290963322541,0.5081478342000257
0.85,0.0,0.8333333333333333,0.15494498388393402,0.03870930921417979,0.0,0.0,0.95489,0.6953624296655874,0.5081478342000257
0.85,0.0,0.875,0.14435251721977632,0.03606376714532869,0.0,0.0,0.97495,0.7161957629989207,0.5081478342000257
0.85,0.0,0.9166666666666666,0.13376005055561863,0.0334182250764776,0.0,0.0,0.98798,0.7370290963322541,0.5081478342000257
0.85,0.0,0.9583333333333333,0.123167583891461,0.030772683007626516,0.0,0.0,0.99541,0.7578624296655874,0.5081478342000257
0.85,0.0,1.0,0.11257511722730329,0.02812714093877542,0.0,0.0,0.99859,0.7786957629989207,0.5081478342000257
0.85,0.041666666666666664,0.0,0.36488767316753923,0.09114395301880841,0.00219,0.0,0.13184,0.28244576299892077,0.5081478342000257
0.85,0.041666666666666664,0.041666666666666664,0.3542952065033815,0.08849841094995732,0.00122,0.0,0.14978,0.3032790963322541,0.5081478342000257
0.85,0.041666666666666664,0.08333333333333333,0.3437027398392239,0.08585286888110623,0.00058,0.0,0.17053,0.3241124296655874,0.5081478342000257
0.85,0.041666666666666664,0.125,0.3331102731750662,0.08320732681225514,0.00022,0.0,0.19463,0.3449457629989207,0.5081478342000257
0.85,0.041666666666666664,0.16666666666666666,0.3225178065109085,0.08056178474340404,5e-05,0.0,0.2211,0.36577909633225403,0.5081478342000257
0.85,0.041666666666666664,0.20833333333333331,0.3119253398467508,0.07791624267455297,0.0,0.0,0.2521,0.3866124296655874,0.5081478342000257
0.85,0.041666666666666664,0.25,0.3013328731825931,0.07527070060570186,0.0,0.0,0.28671,0.4074457629989207,0.5081478342000257
0.85,0.041666666666666664,0.29166666666666663,0.29074040651843547,0.07262515853685078,0.0,0.0,0.3263,0.42827909633225403,0.5081478342000257
0.85,0.041666666666666664,0.3333333333333333,0.28014793985427777,0.06997961646799968,0.0,0.0,0.36992,0.4491124296655874,0.5081478342000257
0.85,0.041666666666666664,0.375,0.2695554731901201,0.0673340743991486,0.0,0.0,0.41699,0.46994576299892077,0.5081478342000257
0.85,0.041666666666666664,0.41666666666666663,0.25896300652596244,0.0646885323302975,0.0,0.0,0.47027,0.49077909633225414,0.5081478342000257
0.85,0.041666666666666664,0.4583333333333333,0.2483705398618047,0.06204299026144641,0.0,0.0,0.52752,0.5116124296655874,0.5081478342000257
0.85,0.041666666666666664,0.5,0.23777807319764707,0.05939744819259532,0.0,0.0,0.58646,0.5324457629989208,0.5081478342000257
0.85,0.041666666666666664,0.5416666666666666,0.22718560653348938,0.05675190612374423,0.0,0.0,0.64736,0.5532790963322541,0.5081478342000257
0.85,0.041666666666666664,0.5833333333333333,0.2165931398693317,0.05410636405489315,0.0,0.0,0.70706,0.5741124296655873,0.5081478342000257
0.85,0.041666666666666664,0.625,0.206000673205174,0.051460821986042043,0.0,0.0,0.76468,0.5949457629989208,0.5081478342000257
0.85,0.041666666666666664,0.6666666666666666,0.19540820654101634,0.048815279917190965,0.0,0.0,0.81633,0.615779096332254,0.5081478342000257
0.85,0.041666666666666664,0.7083333333333333,0.1848157398768587,0.04616973784833988,0.0,0.0,0.86153,0.6366124296655873,0.5081478342000257
0.85,0.041666666666666664,0.75,0.17422327321270095,0.04352419577948877,0.0,0.0,0.90134,0.6574457629989207,0.5081478342000257
0.85,0.041666666666666664,0.7916666666666666,0.16363080654854334,0.04087865371063769,0.0,0.0,0.93321,0.6782790963322541,0.5081478342000257
0.85,0.041666666666666664,0.8333333333333333,0.15303833988438567,0.038233111641786596,0.0,0.0,0.9589,0.6991124296655874,0.5081478342000257
0.85,0.041666666666666664,0.875,0.14244587322022792,0.03558756957293549,0.0,0.0,0.97753,0.7199457629989207,0.5081478342000257
0.85,0.041666666666666664,0.9166666666666666,0.1318534065560703,0.032942027504084405,0.0,0.0,0.98963,0.7407790963322541,0.5081478342000257
0.85,0.041666666666666664,0.9583333333333333,0.12126093989191264,0.03029648543523333,0.0,0.0,0.99611,0.7616124296655873,0.5081478342000257
0.85,0.041666666666666664,1.0,0.11066847322775489,0.02765094336638222,0.0,0.0,0.99887,0.7824457629989207,0.5081478342000257
0.85,0.08333333333333333,0.0,0.3629810291679908,0.09066775544641521,0.00205,0.0,0.13481,0.28619576299892074,0.5081478342000257
0.85,0.08333333333333333,0.041666666666666664,0.3523885625038331,0.0880222133775641,0.00102,0.0,0.1534,0.3070290963322541,0.5081478342000257
0.85,0.08333333333333333,0.08333333333333333,0.3417960958396754,0.08537667130871304,0.00051,0.0,0.17451,0.32786242966558743,0.5081478342000257
0.85,0.08333333333333333,0.125,0.3312036291755179,0.08273112923986195,0.00017,0.0,0.19939,0.34869576299892074,0.5081478342000257
0.85,0.08333333333333333,0.16666666666666666,0.32061116251136007,0.08008558717101086,3e-05,0.0,0.22628,0.3695290963322541,0.5081478342000257
0.85,0.08333333333333333,0.20833333333333331,0.3100186958472024,0.07744004510215975,0.0,0.0,0.25822,0.39036242966558743,0.5081478342000257
0.85,0.08333333333333333,0.25,0.29942622918304473,0.07479450303330866,0.0,0.0,0.29317,0.41119576299892074,0.5081478342000257
0.85,0.08333333333333333,0.29166666666666663,0.28883376251888704,0.07214896096445758,0.0,0.0,0.33421,0.43202909633225406,0.5081478342000257
0.85,0.08333333333333333,0.3333333333333333,0.2782412958547294,0.06950341889560649,0.0,0.0,0.37799,0.45286242966558743,0.5081478342000257
0.85,0.08333333333333333,0.375,0.2676488291905717,0.0668578768267554,0.0,0.0,0.4266,0.47369576299892074,0.5081478342000257
0.85,0.08333333333333333,0.41666666666666663,0.257056362526414,0.0642123347579043,0.0,0.0,0.47948,0.4945290963322541,0.5081478342000257
0.85,0.08333333333333333,0.4583333333333333,0.2464638958622563,0.061566792689053206,0.0,0.0,0.53811,0.5153624296655874,0.5081478342000257
0.85,0.08333333333333333,0.5,0.23587142919809867,0.05892125062020212,0.0,0.0,0.59768,0.5361957629989208,0.5081478342000257
0.85,0.08333333333333333,0.5416666666666666,0.225278962533941,0.056275708551351035,0.0,0.0,0.6579,0.5570290963322542,0.5081478342000257
0.85,0.08333333333333333,0.5833333333333333,0.21468649586978336,0.05363016648249994,0.0,0.0,0.71811,0.5778624296655874,0.5081478342000257
0.85,0.08333333333333333,0.625,0.20409402920562564,0.05098462441364885,0.0,0.0,0.77415,0.5986957629989208,0.5081478342000257
0.85,0.08333333333333333,0.6666666666666666,0.19350156254146797,0.04833908234479775,0.0,0.0,0.82473,0.6195290963322541,0.5081478342000257
0.85,0.08333333333333333,0.7083333333333333,0.18290909587731025,0.04569354027594666,0.0,0.0,0.86939,0.6403624296655874,0.5081478342000257
0.85,0.08333333333333333,0.75,0.17231662921315263,0.04304799820709557,0.0,0.0,0.90785,0.6611957629989207,0.5081478342000257
0.85,0.08333333333333333,0.7916666666666666,0.16172416254899494,0.04040245613824448,0.0,0.0,0.93843,0.6820290963322542,0.5081478342000257
0.85,0.08333333333333333,0.8333333333333333,0.1511316958848372,0.03775691406939339,0.0,0.0,0.96265,0.7028624296655874,0.5081478342000257
0.85,0.08333333333333333,0.875,0.1405392292206796,0.035111372000542304,0.0,0.0,0.98016,0.7236957629989207,0.5081478342000257
0.85,0.08333333333333333,0.9166666666666666,0.1299467625565219,0.03246582993169121,0.0,0.0,0.99115,0.7445290963322542,0.5081478342000257
0.85,0.08333333333333333,0.9583333333333333,0.11935429589236421,0.029820287862840113,0.0,0.0,0.99685,0.7653624296655874,0.5081478342000257
0.85,0.08333333333333333,1.0,0.10876182922820656,0.02717474579398903,0.0,0.0,0.99907,0.7861957629989207,0.5081478342000257
0.85,0.125,0.0,0.3610743851684425,0.09019155787402201,0.0018,0.0,0.13797,0.2899457629989208,0.5081478342000257
0.85,0.125,0.041666666666666664,0.3504819185042847,0.08754601580517093,0.00087,0.0,0.15683,0.3107790963322541,0.5081478342000257
0.85,0.125,0.08333333333333333,0.3398894518401271,0.08490047373631984,0.00043,0.0,0.17851,0.3316124296655874,0.5081478342000257
0.85,0.125,0.125,0.3292969851759694,0.08225493166746874,0.00013,0.0,0.20381,0.35244576299892066,0.5081478342000257
0.85,0.125,0.16666666666666666,0.31870451851181175,0.07960938959861766,2e-05,0.0,0.23188,0.37327909633225403,0.5081478342000257
0.85,0.125,0.20833333333333331,0.30811205184765406,0.07696384752976657,0.0,0.0,0.26408,0.3941124296655874,0.5081478342000257
0.85,0.125,0.25,0.29751958518349636,0.07431830546091547,0.0,0.0,0.30065,0.41494576299892066,0.5081478342000257
0.85,0.125,0.29166666666666663,0.28692711851933866,0.0716727633920644,0.0,0.0,0.34229,0.43577909633225403,0.5081478342000257
0.85,0.125,0.3333333333333333,0.276334651855181,0.0690272213232133,0.0,0.0,0.38649,0.4566124296655874,0.5081478342000257
0.85,0.125,0.375,0.26574218519102333,0.06638167925436221,0.0,0.0,0.43616,0.47744576299892066,0.5081478342000257
0.85,0.125,0.41666666666666663,0.25514971852686563,0.06373613718551112,0.0,0.0,0.48979,0.49827909633225403,0.5081478342000257
0.85,0.125,0.4583333333333333,0.244557251862708,0.061090595116660026,0.0,0.0,0.54853,0.5191124296655875,0.5081478342000257
0.85,0.125,0.5,0.2339647851985503,0.05844505304780893,0.0,0.0,0.60833,0.5399457629989207,0.5081478342000257
0.85,0.125,0.5416666666666666,0.22337231853439263,0.055799510978957835,0.0,0.0,0.66887,0.5607790963322541,0.5081478342000257
0.85,0.125,0.5833333333333333,0.21277985187023496,0.05315396891010674,0.0,0.0,0.7282,0.5816124296655875,0.5081478342000257
0.85,0.125,0.625,0.20218738520607726,0.05050842684125566,0.0,0.0,0.78386,0.6024457629989207,0.5081478342000257
0.85,0.125,0.6666666666666666,0.19159491854191957,0.04786288477240456,0.0,0.0,0.83345,0.6232790963322541,0.5081478342000257
0.85,0.125,0.7083333333333333,0.18100245187776193,0.04521734270355348,0.0,0.0,0.87701,0.6441124296655875,0.5081478342000257
0.85,0.125,0.75,0.17040998521360423,0.042571800634702374,0.0,0.0,0.91364,0.6649457629989207,0.5081478342000257
0.85,0.125,0.7916666666666666,0.15981751854944654,0.03992625856585128,0.0,0.0,0.94341,0.6857790963322541,0.5081478342000257
0.85,0.125,0.8333333333333333,0.1492250518852889,0.0372807164970002,0.0,0.0,0.96635,0.7066124296655872,0.5081478342000257
0.85,0.125,0.875,0.1386325852211312,0.034635174428149104,0.0,0.0,0.98252,0.7274457629989207,0.5081478342000257
0.85,0.125,0.9166666666666666,0.1280401185569735,0.03198963235929801,0.0,0.0,0.99243,0.748279096332254,0.5081478342000257
0.85,0.125,0.9583333333333333,0.11744765189281585,0.02934409029044693,0.0,0.0,0.99733,0.7691124296655875,0.5081478342000257
0.85,0.125,1.0,0.10685518522865815,0.026698548221595834,0.0,0.0,0.99929,0.7899457629989207,0.5081478342000257
0.85,0.16666666666666666,0.0,0.35916774116889405,0.08971536030162883,0.00159,0.0,0.14145,0.29369576299892075,0.5081478342000257
0.85,0.16666666666666666,0.041666666666666664,0.3485752745047363,0.08706981823277772,0.00079,0.0,0.16024,0.3145290963322541,0.5081478342000257
0.85,0.16666666666666666,0.08333333333333333,0.33798280784057866,0.08442427616392663,0.00032,0.0,0.18274,0.3353624296655875,0.5081478342000257
0.85,0.16666666666666666,0.125,0.32739034117642096,0.08177873409507555,0.0001,0.0,0.20843,0.35619576299892075,0.5081478342000257
0.85,0.16666666666666666,0.16666666666666666,0.3167978745122633,0.07913319202622446,0.0,0.0,0.23725,0.3770290963322541,0.5081478342000257
0.85,0.16666666666666666,0.20833333333333331,0.3062054078481057,0.07648764995737337,0.0,0.0,0.27047,0.3978624296655874,0.5081478342000257
0.85,0.16666666666666666,0.25,0.295612941183948,0.07384210788852227,0.0,0.0,0.30776,0.41869576299892075,0.5081478342000257
0.85,0.16666666666666666,0.29166666666666663,0.2850204745197903,0.07119656581967118,0.0,0.0,0.35022,0.4395290963322541,0.5081478342000257
0.85,0.16666666666666666,0.3333333333333333,0.27442800785563265,0.06855102375082009,0.0,0.0,0.39528,0.4603624296655874,0.5081478342000257
0.85,0.16666666666666666,0.375,0.26383554119147495,0.06590548168196901,0.0,0.0,0.44583,0.48119576299892075,0.5081478342000257
0.85,0.16666666666666666,0.41666666666666663,0.25324307452731726,0.06325993961311792,0.0,0.0,0.50041,0.5020290963322541,0.5081478342000257
0.85,0.16666666666666666,0.4583333333333333,0.2426506078631596,0.06061439754426683,0.0,0.0,0.55898,0.5228624296655874,0.5081478342000257
0.85,0.16666666666666666,0.5,0.23205814119900192,0.05796885547541573,0.0,0.0,0.61885,0.5436957629989208,0.5081478342000257
0.85,0.16666666666666666,0.5416666666666666,0.22146567453484423,0.05532331340656464,0.0,0.0,0.67982,0.564529096332254,0.5081478342000257
0.85,0.16666666666666666,0.5833333333333333,0.21087320787068653,0.05267777133771355,0.0,0.0,0.73827,0.5853624296655874,0.5081478342000257
0.85,0.16666666666666666,0.625,0.20028074120652883,0.05003222926886245,0.0,0.0,0.79358,0.6061957629989208,0.5081478342000257
0.85,0.16666666666666666,0.6666666666666666,0.18968827454237122,0.04738668720001137,0.0,0.0,0.84202,0.627029096332254,0.5081478342000257
0.85,0.16666666666666666,0.7083333333333333,0.17909580787821353,0.04474114513116028,0.0,0.0,0.88368,0.6478624296655874,0.5081478342000257
0.85,0.16666666666666666,0.75,0.16850334121405583,0.04209560306230918,0.0,0.0,0.91929,0.6686957629989209,0.5081478342000257
0.85,0.16666666666666666,0.7916666666666666,0.1579108745498982,0.0394500609934581,0.0,0.0,0.94836,0.689529096332254,0.5081478342000257
0.85,0.16666666666666666,0.8333333333333333,0.1473184078857405,0.036804518924607,0.0,0.0,0.96959,0.7103624296655874,0.5081478342000257
0.85,0.16666666666666666,0.875,0.1367259412215828,0.034158976855755904,0.0,0.0,0.98482,0.7311957629989209,0.5081478342000257
0.85,0.16666666666666666,0.9166666666666666,0.12613347455742513,0.03151343478690482,0.0,0.0,0.99379,0.752029096332254,0.5081478342000257
0.85,0.16666666666666666,0.9583333333333333,0.11554100789326745,0.028867892718053727,0.0,0.0,0.99789,0.7728624296655874,0.5081478342000257
0.85,0.16666666666666666,1.0,0.10494854122910977,0.026222350649202635,0.0,0.0,0.99956,0.7936957629989209,0.5081478342000257
0.85,0.20833333333333331,0.0,0.3572610971693456,0.08923916272923565,0.00145,0.0,0.14465,0.2974457629989208,0.5081478342000257
0.85,0.20833333333333331,0.041666666666666664,0.34666863050518804,0.08659362066038455,0.00071,0.0,0.1642,0.3182790963322541,0.5081478342000257
0.85,0.20833333333333331,0.08333333333333333,0.33607616384103034,0.08394807859153344,0.00029,0.0,0.18732,0.3391124296655874,0.5081478342000257
0.85,0.20833333333333331,0.125,0.32548369717687264,0.08130253652268235,0.0001,0.0,0.21325,0.3599457629989208,0.5081478342000257
0.85,0.20833333333333331,0.16666666666666666,0.31489123051271495,0.07865699445383127,0.0,0.0,0.24312,0.38077909633225404,0.5081478342000257
0.85,0.20833333333333331,0.20833333333333331,0.3042987638485573,0.07601145238498017,0.0,0.0,0.27679,0.4016124296655874,0.5081478342000257
0.85,0.20833333333333331,0.25,0.2937062971843996,0.07336591031612909,0.0,0.0,0.31472,0.4224457629989208,0.5081478342000257
0.85,0.20833333333333331,0.29166666666666663,0.28311383052024197,0.070720368247278,0.0,0.0,0.35768,0.44327909633225404,0.5081478342000257
0.85,0.20833333333333331,0.3333333333333333,0.2725213638560842,0.06807482617842689,0.0,0.0,0.40382,0.4641124296655874,0.5081478342000257
0.85,0.20833333333333331,0.375,0.2619288971919266,0.0654292841095758,0.0,0.0,0.45533,0.4849457629989208,0.5081478342000257
0.85,0.20833333333333331,0.41666666666666663,0.2513364305277689,0.06278374204072472,0.0,0.0,0.51127,0.505779096332254,0.5081478342000257
0.85,0.20833333333333331,0.4583333333333333,0.24074396386361122,0.06013819997187362,0.0,0.0,0.56966,0.5266124296655874,0.5081478342000257
0.85,0.20833333333333331,0.5,0.23015149719945352,0.057492657903022534,0.0,0.0,0.62938,0.5474457629989208,0.5081478342000257
0.85,0.20833333333333331,0.5416666666666666,0.21955903053529582,0.05484711583417144,0.0,0.0,0.69046,0.568279096332254,0.5081478342000257
0.85,0.20833333333333331,0.5833333333333333,0.2089665638711382,0.05220157376532036,0.0,0.0,0.74879,0.5891124296655874,0.5081478342000257
0.85,0.20833333333333331,0.625,0.19837409720698052,0.049556031696469265,0.0,0.0,0.8028,0.6099457629989207,0.5081478342000257
0.85,0.20833333333333331,0.6666666666666666,0.18778163054282282,0.04691048962761817,0.0,0.0,0.8496,0.630779096332254,0.5081478342000257
0.85,0.20833333333333331,0.7083333333333333,0.17718916387866512,0.04426494755876707,0.0,0.0,0.89059,0.6516124296655874,0.5081478342000257
0.85,0.20833333333333331,0.75,0.16659669721450748,0.04161940548991599,0.0,0.0,0.9247,0.6724457629989207,0.5081478342000257
0.85,0.20833333333333331,0.7916666666666666,0.1560042305503498,0.038973863421064896,0.0,0.0,0.95272,0.6932790963322542,0.5081478342000257
0.85,0.20833333333333331,0.8333333333333333,0.1454117638861921,0.0363283213522138,0.0,0.0,0.97314,0.7141124296655875,0.5081478342000257
0.85,0.20833333333333331,0.875,0.13481929722203445,0.03368277928336272,0.0,0.0,0.98672,0.7349457629989207,0.5081478342000257
0.85,0.20833333333333331,0.9166666666666666,0.12422683055787674,0.031037237214511623,0.0,0.0,0.99485,0.7557790963322542,0.5081478342000257
0.85,0.20833333333333331,0.9583333333333333,0.11363436389371906,0.028391695145660523,0.0,0.0,0.99834,0.7766124296655875,0.5081478342000257
0.85,0.20833333333333331,1.0,0.10304189722956143,0.025746153076809445,0.0,0.0,0.99964,0.7974457629989207,0.5081478342000257
0.85,0.25,0.0,0.35535445316979736,0.08876296515684244,0.00129,0.0,0.14794,0.30119576299892076,0.5081478342000257
0.85,0.25,0.041666666666666664,0.3447619865056396,0.08611742308799133,0.00062,0.0,0.16834,0.3220290963322541,0.5081478342000257
0.85,0.25,0.08333333333333333,0.33416951984148197,0.08347188101914024,0.00023,0.0,0.19183,0.3428624296655874,0.5081478342000257
0.85,0.25,0.125,0.32357705317732427,0.08082633895028916,7e-05,0.0,0.21841,0.3636957629989207,0.5081478342000257
0.85,0.25,0.16666666666666666,0.3129845865131666,0.07818079688143807,0.0,0.0,0.24873,0.3845290963322541,0.5081478342000257
0.85,0.25,0.20833333333333331,0.30239211984900893,0.07553525481258697,0.0,0.0,0.28313,0.4053624296655874,0.5081478342000257
0.85,0.25,0.25,0.2917996531848513,0.07288971274373589,0.0,0.0,0.3222,0.4261957629989207,0.5081478342000257
0.85,0.25,0.29166666666666663,0.2812071865206935,0.0702441706748848,0.0,0.0,0.36562,0.4470290963322541,0.5081478342000257
0.85,0.25,0.3333333333333333,0.2706147198565359,0.0675986286060337,0.0,0.0,0.41233,0.4678624296655874,0.5081478342000257
0.85,0.25,0.375,0.2600222531923782,0.06495308653718261,0.0,0.0,0.46487,0.4886957629989207,0.5081478342000257
0.85,0.25,0.41666666666666663,0.2494297865282205,0.06230754446833152,0.0,0.0,0.52166,0.5095290963322541,0.5081478342000257
0.85,0.25,0.4583333333333333,0.23883731986406284,0.05966200239948043,0.0,0.0,0.58052,0.5303624296655874,0.5081478342000257
0.85,0.25,0.5,0.2282448531999052,0.05701646033062934,0.0,0.0,0.6409,0.5511957629989207,0.5081478342000257
0.85,0.25,0.5416666666666666,0.21765238653574748,0.05437091826177824,0.0,0.0,0.70112,0.5720290963322541,0.5081478342000257
0.85,0.25,0.5833333333333333,0.2070599198715898,0.051725376192927164,0.0,0.0,0.75902,0.5928624296655874,0.5081478342000257
0.85,0.25,0.625,0.1964674532074321,0.04907983412407606,0.0,0.0,0.81148,0.6136957629989207,0.5081478342000257
0.85,0.25,0.6666666666666666,0.18587498654327442,0.046434292055224966,0.0,0.0,0.8573,0.6345290963322541,0.5081478342000257
0.85,0.25,0.7083333333333333,0.1752825198791168,0.04378874998637389,0.0,0.0,0.89751,0.6553624296655874,0.5081478342000257
0.85,0.25,0.75,0.1646900532149591,0.041143207917522795,0.0,0.0,0.9303,0.6761957629989207,0.5081478342000257
0.85,0.25,0.7916666666666666,0.15409758655080139,0.0384976658486717,0.0,0.0,0.95669,0.6970290963322541,0.5081478342000257
0.85,0.25,0.8333333333333333,0.14350511988664377,0.03585212377982061,0.0,0.0,0.97617,0.7178624296655874,0.5081478342000257
0.85,0.25,0.875,0.13291265322248605,0.03320658171096952,0.0,0.0,0.98875,0.7386957629989207,0.5081478342000257
0.85,0.25,0.9166666666666666,0.12232018655832835,0.030561039642118423,0.0,0.0,0.99573,0.7595290963322541,0.5081478342000257
0.85,0.25,0.9583333333333333,0.11172771989417071,0.02791549757326734,0.0,0.0,0.99872,0.7803624296655874,0.5081478342000257
0.85,0.25,1.0,0.10113525323001302,0.02526995550441625,0.0,0.0,0.99971,0.8011957629989207,0.5081478342000257
0.85,0.29166666666666663,0.0,0.3534478091702489,0.08828676758444924,0.00112,0.0,0.15144,0.3049457629989208,0.5081478342000257
0.85,0.29166666666666663,0.041666666666666664,0.34285534250609123,0.08564122551559815,0.00056,0.0,0.17241,0.3257790963322541,0.5081478342000257
0.85,0.29166666666666663,0.08333333333333333,0.3322628758419336,0.08299568344674706,0.0002,0.0,0.19655,0.3466124296655874,0.5081478342000257
0.85,0.29166666666666663,0.125,0.3216704091777759,0.08035014137789596,5e-05,0.0,0.22339,0.3674457629989207,0.5081478342000257
0.85,0.29166666666666663,0.16666666666666666,0.3110779425136182,0.07770459930904489,0.0,0.0,0.25501,0.3882790963322541,0.5081478342000257
0.85,0.29166666666666663,0.20833333333333331,0.3004854758494605,0.07505905724019378,0.0,0.0,0.28962,0.4091124296655874,0.5081478342000257
0.85,0.29166666666666663,0.25,0.2898930091853028,0.07241351517134269,0.0,0.0,0.32957,0.4299457629989207,0.5081478342000257
0.85,0.29166666666666663,0.29166666666666663,0.27930054252114517,0.0697679731024916,0.0,0.0,0.37349,0.4507790963322541,0.5081478342000257
0.85,0.29166666666666663,0.3333333333333333,0.26870807585698747,0.06712243103364052,0.0,0.0,0.42112,0.4716124296655873,0.5081478342000257
0.85,0.29166666666666663,0.375,0.2581156091928298,0.06447688896478941,0.0,0.0,0.4744,0.4924457629989207,0.5081478342000257
0.85,0.29166666666666663,0.41666666666666663,0.2475231425286721,0.06183134689593833,0.0,0.0,0.53224,0.5132790963322541,0.5081478342000257
0.85,0.29166666666666663,0.4583333333333333,0.2369306758645145,0.059185804827087234,0.0,0.0,0.59172,0.5341124296655874,0.5081478342000257
0.85,0.29166666666666663,0.5,0.22633820920035672,0.05654026275823614,0.0,0.0,0.65186,0.5549457629989207,0.5081478342000257
0.85,0.29166666666666663,0.5416666666666666,0.2157457425361991,0.05389472068938505,0.0,0.0,0.71203,0.5757790963322541,0.5081478342000257
0.85,0.29166666666666663,0.5833333333333333,0.2051532758720414,0.051249178620533964,0.0,0.0,0.76873,0.5966124296655874,0.5081478342000257
0.85,0.29166666666666663,0.625,0.1945608092078837,0.048603636551682865,0.0,0.0,0.82007,0.6174457629989207,0.5081478342000257
0.85,0.29166666666666663,0.6666666666666666,0.1839683425437261,0.045958094482831786,0.0,0.0,0.8652,0.638279096332254,0.5081478342000257
0.85,0.29166666666666663,0.7083333333333333,0.17337587587956838,0.043312552413980694,0.0,0.0,0.90402,0.6591124296655874,0.5081478342000257
0.85,0.29166666666666663,0.75,0.16278340921541068,0.040667010345129595,0.0,0.0,0.93565,0.6799457629989207,0.5081478342000257
0.85,0.29166666666666663,0.7916666666666666,0.15219094255125307,0.03802146827627851,0.0,0.0,0.96045,0.700779096332254,0.5081478342000257
0.85,0.29166666666666663,0.8333333333333333,0.14159847588709534,0.03537592620742742,0.0,0.0,0.97868,0.7216124296655874,0.5081478342000257
0.85,0.29166666666666663,0.875,0.13100600922293765,0.03273038413857632,0.0,0.0,0.99017,0.7424457629989207,0.5081478342000257
0.85,0.29166666666666663,0.9166666666666666,0.12041354255878,0.030084842069725237,0.0,0.0,0.99641,0.7632790963322541,0.5081478342000257
0.85,0.29166666666666663,0.9583333333333333,0.1098210758946223,0.02743930000087414,0.0,0.0,0.99896,0.7841124296655874,0.5081478342000257
0.85,0.29166666666666663,1.0,0.09922860923046462,0.024793757932023045,0.0,0.0,0.99983,0.8049457629989207,0.5081478342000257
0.85,0.3333333333333333,0.0,0.35154116517070055,0.08781057001205603,0.00096,0.0,0.15497,0.30869576299892076,0.5081478342000257
0.85,0.3333333333333333,0.041666666666666664,0.34094869850654286,0.08516502794320495,0.00047,0.0,0.17625,0.32952909633225413,0.5081478342000257
0.85,0.3333333333333333,0.08333333333333333,0.33035623184238516,0.08251948587435384,0.00015,0.0,0.20127,0.3503624296655874,0.5081478342000257
0.85,0.3333333333333333,0.125,0.31976376517822747,0.07987394380550276,2e-05,0.0,0.22882,0.37119576299892076,0.5081478342000257
0.85,0.3333333333333333,0.16666666666666666,0.3091712985140698,0.07722840173665167,0.0,0.0,0.26091,0.39202909633225413,0.5081478342000257
0.85,0.3333333333333333,0.20833333333333331,0.2985788318499121,0.07458285966780058,0.0,0.0,0.29645,0.4128624296655874,0.5081478342000257
0.85,0.3333333333333333,0.25,0.28798636518575443,0.07193731759894949,0.0,0.0,0.33781,0.43369576299892076,0.5081478342000257
0.85,0.3333333333333333,0.29166666666666663,0.2773938985215968,0.06929177553009841,0.0,0.0,0.38161,0.45452909633225397,0.5081478342000257
0.85,0.3333333333333333,0.3333333333333333,0.2668014318574391,0.06664623346124732,0.0,0.0,0.43088,0.4753624296655874,0.5081478342000257
0.85,0.3333333333333333,0.375,0.2562089651932814,0.06400069139239623,0.0,0.0,0.4843,0.49619576299892076,0.5081478342000257
0.85,0.3333333333333333,0.41666666666666663,0.24561649852912373,0.061355149323545126,0.0,0.0,0.54288,0.517029096332254,0.5081478342000257
0.85,0.3333333333333333,0.4583333333333333,0.23502403186496607,0.05870960725469404,0.0,0.0,0.60239,0.5378624296655874,0.5081478342000257
0.85,0.3333333333333333,0.5,0.22443156520080831,0.056064065185842935,0.0,0.0,0.66282,0.5586957629989208,0.5081478342000257
0.85,0.3333333333333333,0.5416666666666666,0.2138390985366507,0.053418523116991856,0.0,0.0,0.72274,0.579529096332254,0.5081478342000257
0.85,0.3333333333333333,0.5833333333333333,0.203246631872493,0.05077298104814076,0.0,0.0,0.77857,0.6003624296655874,0.5081478342000257
0.85,0.3333333333333333,0.625,0.19265416520833534,0.04812743897928967,0.0,0.0,0.82861,0.6211957629989208,0.5081478342000257
0.85,0.3333333333333333,0.6666666666666666,0.18206169854417767,0.04548189691043858,0.0,0.0,0.87276,0.642029096332254,0.5081478342000257
0.85,0.3333333333333333,0.7083333333333333,0.17146923188002003,0.04283635484158749,0.0,0.0,0.91051,0.6628624296655874,0.5081478342000257
0.85,0.3333333333333333,0.75,0.16087676521586228,0.04019081277273639,0.0,0.0,0.94071,0.6836957629989207,0.5081478342000257
0.85,0.3333333333333333,0.7916666666666666,0.15028429855170464,0.03754527070388531,0.0,0.0,0.96428,0.7045290963322541,0.5081478342000257
0.85,0.3333333333333333,0.8333333333333333,0.13969183188754697,0.03489972863503422,0.0,0.0,0.98125,0.7253624296655874,0.5081478342000257
0.85,0.3333333333333333,0.875,0.12909936522338925,0.03225418656618312,0.0,0.0,0.9918,0.7461957629989207,0.5081478342000257
0.85,0.3333333333333333,0.9166666666666666,0.11850689855923163,0.02960864449733204,0.0,0.0,0.99709,0.7670290963322541,0.5081478342000257
0.85,0.3333333333333333,0.9583333333333333,0.10791443189507392,0.026963102428480944,0.0,0.0,0.99917,0.7878624296655874,0.5081478342000257
0.85,0.3333333333333333,1.0,0.09732196523091623,0.024317560359629842,0.0,0.0,0.9999,0.8086957629989207,0.5081478342000257
0.85,0.375,0.0,0.34963452117115207,0.08733437243966284,0.00084,0.0,0.15833,0.31244576299892074,0.5081478342000257
0.85,0.375,0.041666666666666664,0.3390420545069945,0.08468883037081174,0.00038,0.0,0.18052,0.3332790963322541,0.5081478342000257
0.85,0.375,0.08333333333333333,0.3284495878428368,0.08204328830196066,0.00012,0.0,0.2058,0.3541124296655874,0.5081478342000257
0.85,0.375,0.125,0.3178571211786791,0.07939774623310956,2e-05,0.0,0.23408,0.37494576299892074,0.5081478342000257
0.85,0.375,0.16666666666666666,0.30726465451452145,0.07675220416425849,0.0,0.0,0.26683,0.39577909633225405,0.5081478342000257
0.85,0.375,0.20833333333333331,0.29667218785036376,0.07410666209540738,0.0,0.0,0.3038,0.4166124296655874,0.5081478342000257
0.85,0.375,0.25,0.28607972118620606,0.07146112002655629,0.0,0.0,0.34584,0.43744576299892074,0.5081478342000257
0.85,0.375,0.29166666666666663,0.27548725452204836,0.0688155779577052,0.0,0.0,0.39071,0.45827909633225405,0.5081478342000257
0.85,0.375,0.3333333333333333,0.2648947878578907,0.0661700358888541,0.0,0.0,0.44068,0.4791124296655874,0.5081478342000257
0.85,0.375,0.375,0.254302321193733,0.06352449382000301,0.0,0.0,0.49449,0.49994576299892074,0.5081478342000257
0.85,0.375,0.41666666666666663,0.24370985452957536,0.06087895175115193,0.0,0.0,0.55337,0.520779096332254,0.5081478342000257
0.85,0.375,0.4583333333333333,0.23311738786541766,0.058233409682300834,0.0,0.0,0.61265,0.5416124296655874,0.5081478342000257
0.85,0.375,0.5,0.22252492120126,0.05558786761344974,0.0,0.0,0.67379,0.5624457629989208,0.5081478342000257
0.85,0.375,0.5416666666666666,0.2119324545371023,0.05294232554459865,0.0,0.0,0.73273,0.5832790963322542,0.5081478342000257
0.85,0.375,0.5833333333333333,0.2013399878729447,0.05029678347574757,0.0,0.0,0.78824,0.6041124296655873,0.5081478342000257
0.85,0.375,0.625,0.19074752120878694,0.04765124140689646,0.0,0.0,0.83735,0.6249457629989208,0.5081478342000257
0.85,0.375,0.6666666666666666,0.18015505454462932,0.04500569933804538,0.0,0.0,0.8799,0.645779096332254,0.5081478342000257
0.85,0.375,0.7083333333333333,0.16956258788047163,0.04236015726919431,0.0,0.0,0.91614,0.6666124296655873,0.5081478342000257
0.85,0.375,0.75,0.1589701212163139,0.03971461520034319,0.0,0.0,0.94564,0.6874457629989208,0.5081478342000257
0.85,0.375,0.7916666666666666,0.14837765455215626,0.03706907313149211,0.0,0.0,0.96778,0.7082790963322542,0.5081478342000257
0.85,0.375,0.8333333333333333,0.13778518788799862,0.034423531062641025,0.0,0.0,0.98349,0.7291124296655873,0.5081478342000257
0.85,0.375,0.875,0.12719272122384087,0.03177798899378992,0.0,0.0,0.99305,0.7499457629989208,0.5081478342000257
0.85,0.375,0.9166666666666666,0.11660025455968322,0.029132446924938837,0.0,0.0,0.99761,0.7707790963322542,0.5081478342000257
0.85,0.375,0.9583333333333333,0.10600778789552558,0.026486904856087755,0.0,0.0,0.99941,0.7916124296655873,0.5081478342000257
0.85,0.375,1.0,0.09541532123136781,0.02384136278723664,0.0,0.0,0.99995,0.8124457629989208,0.5081478342000257
0.85,0.41666666666666663,0.0,0.34772787717160375,0.08685817486726964,0.00074,0.0,0.16205,0.31619576299892077,0.5081478342000257
0.85,0.41666666666666663,0.041666666666666664,0.33713541050744605,0.08421263279841855,0.0003,0.0,0.18471,0.33702909633225414,0.5081478342000257
0.85,0.41666666666666663,0.08333333333333333,0.32654294384328836,0.08156709072956746,0.0001,0.0,0.2105,0.3578624296655874,0.5081478342000257
0.85,0.41666666666666663,0.125,0.3159504771791307,0.07892154866071638,0.0,0.0,0.23983,0.3786957629989207,0.5081478342000257
0.85,0.41666666666666663,0.16666666666666666,0.3053580105149731,0.07627600659186529,0.0,0.0,0.2734,0.39952909633225414,0.5081478342000257
0.85,0.41666666666666663,0.20833333333333331,0.2947655438508153,0.0736304645230142,0.0,0.0,0.31084,0.4203624296655874,0.5081478342000257
0.85,0.41666666666666663,0.25,0.2841730771866577,0.0709849224541631,0.0,0.0,0.35355,0.4411957629989207,0.5081478342000257
0.85,0.41666666666666663,0.29166666666666663,0.2735806105225,0.06833938038531201,0.0,0.0,0.39869,0.46202909633225414,0.5081478342000257
0.85,0.41666666666666663,0.3333333333333333,0.2629881438583423,0.06569383831646092,0.0,0.0,0.45018,0.4828624296655874,0.5081478342000257
0.85,0.41666666666666663,0.375,0.2523956771941847,0.06304829624760983,0.0,0.0,0.50525,0.5036957629989207,0.5081478342000257
0.85,0.41666666666666663,0.41666666666666663,0.24180321053002696,0.06040275417875873,0.0,0.0,0.56409,0.5245290963322541,0.5081478342000257
0.85,0.41666666666666663,0.4583333333333333,0.23121074386586926,0.05775721210990765,0.0,0.0,0.62319,0.5453624296655875,0.5081478342000257
0.85,0.41666666666666663,0.5,0.22061827720171165,0.05511167004105655,0.0,0.0,0.68457,0.5661957629989207,0.5081478342000257
0.85,0.41666666666666663,0.5416666666666666,0.21002581053755393,0.052466127972205456,0.0,0.0,0.74301,0.5870290963322541,0.5081478342000257
0.85,0.41666666666666663,0.5833333333333333,0.19943334387339628,0.049820585903354364,0.0,0.0,0.79766,0.6078624296655873,0.5081478342000257
0.85,0.41666666666666663,0.625,0.18884087720923862,0.04717504383450328,0.0,0.0,0.84533,0.6286957629989207,0.5081478342000257
0.85,0.41666666666666663,0.6666666666666666,0.17824841054508092,0.04452950176565219,0.0,0.0,0.88664,0.6495290963322541,0.5081478342000257
0.85,0.41666666666666663,0.7083333333333333,0.16765594388092325,0.0418839596968011,0.0,0.0,0.92164,0.6703624296655875,0.5081478342000257
0.85,0.41666666666666663,0.75,0.15706347721676556,0.03923841762795,0.0,0.0,0.95038,0.6911957629989207,0.5081478342000257
0.85,0.41666666666666663,0.7916666666666666,0.14647101055260786,0.03659287555909891,0.0,0.0,0.97113,0.7120290963322541,0.5081478342000257
0.85,0.41666666666666663,0.8333333333333333,0.13587854388845022,0.033947333490247825,0.0,0.0,0.98559,0.7328624296655872,0.5081478342000257
0.85,0.41666666666666663,0.875,0.12528607722429252,0.031301791421396725,0.0,0.0,0.99423,0.7536957629989207,0.5081478342000257
0.85,0.41666666666666663,0.9166666666666666,0.11469361056013484,0.028656249352545637,0.0,0.0,0.99806,0.7745290963322541,0.5081478342000257
0.85,0.41666666666666663,0.9583333333333333,0.10410114389597719,0.026010707283694555,0.0,0.0,0.99962,0.7953624296655875,0.5081478342000257
0.85,0.41666666666666663,1.0,0.09350867723181949,0.023365165214843456,0.0,0.0,1.0,0.8161957629989207,0.5081478342000257
0.85,0.4583333333333333,0.0,0.3458212331720554,0.08638197729487646,0.00069,0.0,0.16604,0.31994576299892075,0.5081478342000257
0.85,0.4583333333333333,0.041666666666666664,0.3352287665078977,0.08373643522602535,0.00026,0.0,0.18922,0.3407790963322541,0.5081478342000257
0.85,0.4583333333333333,0.08333333333333333,0.32463629984374004,0.08109089315717427,0.0001,0.0,0.21551,0.36161242966558743,0.5081478342000257
0.85,0.4583333333333333,0.125,0.3140438331795823,0.07844535108832316,0.0,0.0,0.24549,0.38244576299892075,0.5081478342000257
0.85,0.4583333333333333,0.16666666666666666,0.30345136651542465,0.07579980901947209,0.0,0.0,0.27972,0.4032790963322541,0.5081478342000257
0.85,0.4583333333333333,0.20833333333333331,0.292858899851267,0.07315426695062101,0.0,0.0,0.31787,0.42411242966558743,0.5081478342000257
0.85,0.4583333333333333,0.25,0.2822664331871093,0.0705087248817699,0.0,0.0,0.36124,0.44494576299892075,0.5081478342000257
0.85,0.4583333333333333,0.29166666666666663,0.27167396652295167,0.06786318281291882,0.0,0.0,0.40764,0.46577909633225395,0.5081478342000257
0.85,0.4583333333333333,0.3333333333333333,0.261081499858794,0.06521764074406772,0.0,0.0,0.45941,0.48661242966558743,0.5081478342000257
0.85,0.4583333333333333,0.375,0.2504890331946362,0.06257209867521663,0.0,0.0,0.5159,0.5074457629989207,0.5081478342000257
0.85,0.4583333333333333,0.41666666666666663,0.23989656653047858,0.05992655660636554,0.0,0.0,0.57461,0.528279096332254,0.5081478342000257
0.85,0.4583333333333333,0.4583333333333333,0.22930409986632092,0.05728101453751445,0.0,0.0,0.6344,0.5491124296655874,0.5081478342000257
0.85,0.4583333333333333,0.5,0.21871163320216322,0.054635472468663356,0.0,0.0,0.69529,0.5699457629989207,0.5081478342000257
0.85,0.4583333333333333,0.5416666666666666,0.2081191665380056,0.05198993039981228,0.0,0.0,0.75345,0.590779096332254,0.5081478342000257
0.85,0.4583333333333333,0.5833333333333333,0.1975266998738479,0.04934438833096117,0.0,0.0,0.80684,0.6116124296655874,0.5081478342000257
0.85,0.4583333333333333,0.625,0.1869342332096902,0.04669884626211007,0.0,0.0,0.85319,0.6324457629989207,0.5081478342000257
0.85,0.4583333333333333,0.6666666666666666,0.17634176654553252,0.044053304193258994,0.0,0.0,0.8939,0.653279096332254,0.5081478342000257
0.85,0.4583333333333333,0.7083333333333333,0.16574929988137482,0.04140776212440789,0.0,0.0,0.92704,0.6741124296655874,0.5081478342000257
0.85,0.4583333333333333,0.75,0.15515683321721718,0.0387622200555568,0.0,0.0,0.95445,0.6949457629989206,0.5081478342000257
0.85,0.4583333333333333,0.7916666666666666,0.14456436655305951,0.036116677986705724,0.0,0.0,0.97464,0.7157790963322541,0.5081478342000257
0.85,0.4583333333333333,0.8333333333333333,0.13397189988890182,0.033471135917854625,0.0,0.0,0.98768,0.7366124296655874,0.5081478342000257
0.85,0.4583333333333333,0.875,0.12337943322474412,0.03082559384900353,0.0,0.0,0.99523,0.7574457629989206,0.5081478342000257
0.85,0.4583333333333333,0.9166666666666666,0.11278696656058648,0.028180051780152454,0.0,0.0,0.99849,0.7782790963322541,0.5081478342000257
0.85,0.4583333333333333,0.9583333333333333,0.10219449989642879,0.02553450971130135,0.0,0.0,0.99968,0.7991124296655874,0.5081478342000257
0.85,0.4583333333333333,1.0,0.09160203323227109,0.022888967642450256,0.0,0.0,1.0,0.8199457629989206,0.5081478342000257
0.85,0.5,0.0,0.34391458917250695,0.08590577972248326,0.00059,0.0,0.17005,0.3236957629989208,0.5081478342000257
0.85,0.5,0.041666666666666664,0.33332212250834925,0.08326023765363214,0.00022,0.0,0.194,0.34452909633225415,0.5081478342000257
0.85,0.5,0.08333333333333333,0.32272965584419167,0.08061469558478107,5e-05,0.0,0.22049,0.3653624296655874,0.5081478342000257
0.85,0.5,0.125,0.31213718918003397,0.07796915351592998,0.0,0.0,0.25142,0.38619576299892083,0.5081478342000257
0.85,0.5,0.16666666666666666,0.3015447225158763,0.07532361144707889,0.0,0.0,0.28597,0.40702909633225415,0.5081478342000257
0.85,0.5,0.20833333333333331,0.2909522558517186,0.0726780693782278,0.0,0.0,0.32545,0.4278624296655874,0.5081478342000257
0.85,0.5,0.25,0.2803597891875609,0.07003252730937669,0.0,0.0,0.36911,0.44869576299892083,0.5081478342000257
0.85,0.5,0.29166666666666663,0.26976732252340324,0.06738698524052562,0.0,0.0,0.41603,0.46952909633225404,0.5081478342000257
0.85,0.5,0.3333333333333333,0.2591748558592456,0.06474144317167453,0.0,0.0,0.46919,0.4903624296655874,0.5081478342000257
0.85,0.5,0.375,0.24858238919508785,0.062095901102823425,0.0,0.0,0.52631,0.5111957629989209,0.5081478342000257
0.85,0.5,0.41666666666666663,0.2379899225309302,0.05945035903397235,0.0,0.0,0.58536,0.532029096332254,0.5081478342000257
0.85,0.5,0.4583333333333333,0.2273974558667725,0.05680481696512125,0.0,0.0,0.64624,0.5528624296655874,0.5081478342000257
0.85,0.5,0.5,0.21680498920261482,0.054159274896270156,0.0,0.0,0.70581,0.5736957629989209,0.5081478342000257
0.85,0.5,0.5416666666666666,0.2062125225384572,0.05151373282741907,0.0,0.0,0.76345,0.594529096332254,0.5081478342000257
0.85,0.5,0.5833333333333333,0.1956200558742995,0.04886819075856797,0.0,0.0,0.81552,0.6153624296655874,0.5081478342000257
0.85,0.5,0.625,0.1850275892101418,0.04622264868971688,0.0,0.0,0.8608,0.6361957629989209,0.5081478342000257
0.85,0.5,0.6666666666666666,0.17443512254598417,0.0435771066208658,0.0,0.0,0.90062,0.6570290963322541,0.5081478342000257
0.85,0.5,0.7083333333333333,0.16384265588182642,0.040931564552014695,0.0,0.0,0.93259,0.6778624296655875,0.5081478342000257
0.85,0.5,0.75,0.15325018921766875,0.03828602248316361,0.0,0.0,0.95847,0.6986957629989207,0.5081478342000257
0.85,0.5,0.7916666666666666,0.1426577225535111,0.035640480414312524,0.0,0.0,0.97727,0.7195290963322541,0.5081478342000257
0.85,0.5,0.8333333333333333,0.13206525588935342,0.032994938345461425,0.0,0.0,0.98942,0.7403624296655874,0.5081478342000257
0.85,0.5,0.875,0.12147278922519572,0.030349396276610333,0.0,0.0,0.99605,0.7611957629989207,0.5081478342000257
0.85,0.5,0.9166666666666666,0.11088032256103808,0.02770385420775925,0.0,0.0,0.99886,0.7820290963322541,0.5081478342000257
0.85,0.5,0.9583333333333333,0.1002878558968804,0.025058312138908155,0.0,0.0,0.99978,0.8028624296655874,0.5081478342000257
0.85,0.5,1.0,0.0896953892327227,0.02241277007005706,0.0,0.0,1.0,0.8236957629989207,0.5081478342000257
0.85,0.5416666666666666,0.0,0.34200794517295857,0.08542958215009004,0.00051,0.0,0.17418,0.32744576299892075,0.5081478342000257
0.85,0.5416666666666666,0.041666666666666664,0.33141547850880093,0.08278404008123896,0.00017,0.0,0.19878,0.3482790963322541,0.5081478342000257
0.85,0.5416666666666666,0.08333333333333333,0.32082301184464324,0.08013849801238787,3e-05,0.0,0.22585,0.3691124296655874,0.5081478342000257
0.85,0.5416666666666666,0.125,0.3102305451804856,0.07749295594353679,0.0,0.0,0.25774,0.3899457629989207,0.5081478342000257
0.85,0.5416666666666666,0.16666666666666666,0.2996380785163279,0.0748474138746857,0.0,0.0,0.29237,0.4107790963322541,0.5081478342000257
0.85,0.5416666666666666,0.20833333333333331,0.2890456118521702,0.0722018718058346,0.0,0.0,0.33339,0.4316124296655874,0.5081478342000257
0.85,0.5416666666666666,0.25,0.27845314518801256,0.06955632973698352,0.0,0.0,0.3769,0.4524457629989207,0.5081478342000257
0.85,0.5416666666666666,0.29166666666666663,0.26786067852385487,0.06691078766813241,0.0,0.0,0.42555,0.4732790963322541,0.5081478342000257
0.85,0.5416666666666666,0.3333333333333333,0.25726821185969717,0.06426524559928133,0.0,0.0,0.4785,0.4941124296655874,0.5081478342000257
0.85,0.5416666666666666,0.375,0.24667574519553953,0.06161970353043024,0.0,0.0,0.53694,0.5149457629989207,0.5081478342000257
0.85,0.5416666666666666,0.41666666666666663,0.23608327853138183,0.05897416146157914,0.0,0.0,0.59655,0.5357790963322541,0.5081478342000257
0.85,0.5416666666666666,0.4583333333333333,0.2254908118672242,0.05632861939272805,0.0,0.0,0.65669,0.5566124296655874,0.5081478342000257
0.85,0.5416666666666666,0.5,0.2148983452030665,0.05368307732387696,0.0,0.0,0.71689,0.5774457629989207,0.5081478342000257
0.85,0.5416666666666666,0.5416666666666666,0.2043058785389088,0.05103753525502587,0.0,0.0,0.7733,0.5982790963322541,0.5081478342000257
0.85,0.5416666666666666,0.5833333333333333,0.19371341187475113,0.048391993186174785,0.0,0.0,0.82384,0.6191124296655873,0.5081478342000257
0.85,0.5416666666666666,0.625,0.1831209452105934,0.045746451117323686,0.0,0.0,0.86859,0.6399457629989207,0.5081478342000257
0.85,0.5416666666666666,0.6666666666666666,0.17252847854643577,0.043100909048472594,0.0,0.0,0.90721,0.6607790963322541,0.5081478342000257
0.85,0.5416666666666666,0.7083333333333333,0.1619360118822781,0.040455366979621515,0.0,0.0,0.93785,0.6816124296655872,0.5081478342000257
0.85,0.5416666666666666,0.75,0.1513435452181204,0.03780982491077042,0.0,0.0,0.96217,0.7024457629989207,0.5081478342000257
0.85,0.5416666666666666,0.7916666666666666,0.14075107855396274,0.035164282841919324,0.0,0.0,0.97982,0.7232790963322541,0.5081478342000257
0.85,0.5416666666666666,0.8333333333333333,0.1301586118898051,0.03251874077306824,0.0,0.0,0.9909,0.7441124296655872,0.5081478342000257
0.85,0.5416666666666666,0.875,0.11956614522564737,0.029873198704217147,0.0,0.0,0.99678,0.7649457629989207,0.5081478342000257
0.85,0.5416666666666666,0.9166666666666666,0.10897367856148969,0.027227656635366047,0.0,0.0,0.99903,0.7857790963322541,0.5081478342000257
0.85,0.5416666666666666,0.9583333333333333,0.09838121189733204,0.024582114566514966,0.0,0.0,0.99987,0.8066124296655872,0.5081478342000257
0.85,0.5416666666666666,1.0,0.08778874523317436,0.02193657249766387,0.0,0.0,1.0,0.8274457629989207,0.5081478342000257
0.85,0.5833333333333333,0.0,0.34010130117341025,0.08495338457769687,0.00043,0.0,0.1782,0.3311957629989208,0.5081478342000257
0.85,0.5833333333333333,0.041666666666666664,0.32950883450925256,0.08230784250884579,0.00013,0.0,0.20327,0.35202909633225404,0.5081478342000257
0.85,0.5833333333333333,0.08333333333333333,0.3189163678450949,0.07966230043999468,2e-05,0.0,0.23134,0.3728624296655874,0.5081478342000257
0.85,0.5833333333333333,0.125,0.3083239011809372,0.07701675837114359,0.0,0.0,0.26344,0.3936957629989208,0.5081478342000257
0.85,0.5833333333333333,0.16666666666666666,0.2977314345167796,0.0743712163022925,0.0,0.0,0.29969,0.41452909633225404,0.5081478342000257
0.85,0.5833333333333333,0.20833333333333331,0.2871389678526219,0.07172567423344141,0.0,0.0,0.34146,0.4353624296655874,0.5081478342000257
0.85,0.5833333333333333,0.25,0.2765465011884642,0.06908013216459032,0.0,0.0,0.38543,0.4561957629989208,0.5081478342000257
0.85,0.5833333333333333,0.29166666666666663,0.26595403452430655,0.06643459009573924,0.0,0.0,0.43499,0.477029096332254,0.5081478342000257
0.85,0.5833333333333333,0.3333333333333333,0.25536156786014885,0.06378904802688813,0.0,0.0,0.48879,0.4978624296655874,0.5081478342000257
0.85,0.5833333333333333,0.375,0.2447691011959911,0.06114350595803704,0.0,0.0,0.54754,0.5186957629989207,0.5081478342000257
0.85,0.5833333333333333,0.41666666666666663,0.2341766345318335,0.05849796388918596,0.0,0.0,0.60712,0.539529096332254,0.5081478342000257
0.85,0.5833333333333333,0.4583333333333333,0.2235841678676758,0.05585242182033487,0.0,0.0,0.66773,0.5603624296655874,0.5081478342000257
0.85,0.5833333333333333,0.5,0.2129917012035181,0.053206879751483756,0.0,0.0,0.72731,0.5811957629989207,0.5081478342000257
0.85,0.5833333333333333,0.5416666666666666,0.20239923453936048,0.050561337682632684,0.0,0.0,0.78276,0.602029096332254,0.5081478342000257
0.85,0.5833333333333333,0.5833333333333333,0.1918067678752027,0.047915795613781585,0.0,0.0,0.83248,0.6228624296655874,0.5081478342000257
0.85,0.5833333333333333,0.625,0.181214301211045,0.04527025354493049,0.0,0.0,0.87605,0.6436957629989207,0.5081478342000257
0.85,0.5833333333333333,0.6666666666666666,0.1706218345468874,0.04262471147607941,0.0,0.0,0.91299,0.664529096332254,0.5081478342000257
0.85,0.5833333333333333,0.7083333333333333,0.1600293678827297,0.03997916940722831,0.0,0.0,0.94286,0.6853624296655872,0.5081478342000257
0.85,0.5833333333333333,0.75,0.14943690121857203,0.037333627338377216,0.0,0.0,0.96601,0.7061957629989207,0.5081478342000257
0.85,0.5833333333333333,0.7916666666666666,0.13884443455441436,0.03468808526952614,0.0,0.0,0.98228,0.727029096332254,0.5081478342000257
0.85,0.5833333333333333,0.8333333333333333,0.12825196789025667,0.03204254320067504,0.0,0.0,0.99234,0.7478624296655872,0.5081478342000257
0.85,0.5833333333333333,0.875,0.11765950122609899,0.029397001131823947,0.0,0.0,0.99725,0.7686957629989207,0.5081478342000257
0.85,0.5833333333333333,0.9166666666666666,0.10706703456194135,0.02675145906297286,0.0,0.0,0.99926,0.789529096332254,0.5081478342000257
0.85,0.5833333333333333,0.9583333333333333,0.09647456789778364,0.024105916994121762,0.0,0.0,0.99993,0.8103624296655872,0.5081478342000257
0.85,0.5833333333333333,1.0,0.08588210123362594,0.02146037492527067,0.0,0.0,1.0,0.8311957629989207,0.5081478342000257
0.85,0.625,0.0,0.3381946571738619,0.08447718700530368,0.00033,0.0,0.18235,0.33494576299892076,0.5081478342000257
0.85,0.625,0.041666666666666664,0.3276021905097041,0.08183164493645258,0.00011,0.0,0.20791,0.35577909633225413,0.5081478342000257
0.85,0.625,0.08333333333333333,0.3170097238455465,0.07918610286760147,0.0,0.0,0.23647,0.3766124296655874,0.5081478342000257
0.85,0.625,0.125,0.3064172571813888,0.07654056079875038,0.0,0.0,0.26976,0.3974457629989208,0.5081478342000257
0.85,0.625,0.16666666666666666,0.2958247905172311,0.0738950187298993,0.0,0.0,0.30684,0.41827909633225413,0.5081478342000257
0.85,0.625,0.20833333333333331,0.28523232385307346,0.07124947666104821,0.0,0.0,0.34931,0.4391124296655874,0.5081478342000257
0.85,0.625,0.25,0.27463985718891576,0.06860393459219712,0.0,0.0,0.39448,0.4599457629989208,0.5081478342000257
0.85,0.625,0.29166666666666663,0.2640473905247581,0.06595839252334602,0.0,0.0,0.44476,0.4807790963322541,0.5081478342000257
0.85,0.625,0.3333333333333333,0.25345492386060037,0.06331285045449493,0.0,0.0,0.49917,0.5016124296655874,0.5081478342000257
0.85,0.625,0.375,0.2428624571964427,0.06066730838564384,0.0,0.0,0.55799,0.5224457629989209,0.5081478342000257
0.85,0.625,0.41666666666666663,0.2322699905322851,0.058021766316792754,0.0,0.0,0.61762,0.543279096332254,0.5081478342000257
0.85,0.625,0.4583333333333333,0.2216775238681274,0.055376224247941655,0.0,0.0,0.67875,0.5641124296655874,0.5081478342000257
0.85,0.625,0.5,0.2110850572039697,0.05273068217909056,0.0,0.0,0.7372,0.5849457629989209,0.5081478342000257
0.85,0.625,0.5416666666666666,0.20049259053981205,0.050085140110239484,0.0,0.0,0.79256,0.605779096332254,0.5081478342000257
0.85,0.625,0.5833333333333333,0.1899001238756544,0.04743959804138839,0.0,0.0,0.84124,0.6266124296655874,0.5081478342000257
0.85,0.625,0.625,0.17930765721149666,0.0447940559725373,0.0,0.0,0.88289,0.6474457629989209,0.5081478342000257
0.85,0.625,0.6666666666666666,0.168715190547339,0.042148513903686215,0.0,0.0,0.91863,0.668279096332254,0.5081478342000257
0.85,0.625,0.7083333333333333,0.15812272388318133,0.039502971834835116,0.0,0.0,0.94783,0.6891124296655875,0.5081478342000257
0.85,0.625,0.75,0.14753025721902363,0.036857429765984016,0.0,0.0,0.96915,0.7099457629989209,0.5081478342000257
0.85,0.625,0.7916666666666666,0.13693779055486596,0.03421188769713293,0.0,0.0,0.98449,0.730779096332254,0.5081478342000257
0.85,0.625,0.8333333333333333,0.12634532389070827,0.03156634562828184,0.0,0.0,0.99367,0.7516124296655875,0.5081478342000257
0.85,0.625,0.875,0.11575285722655058,0.028920803559430743,0.0,0.0,0.99782,0.7724457629989209,0.5081478342000257
0.85,0.625,0.9166666666666666,0.10516039056239294,0.02627526149057966,0.0,0.0,0.99954,0.793279096332254,0.5081478342000257
0.85,0.625,0.9583333333333333,0.09456792389823526,0.023629719421728566,0.0,0.0,0.99997,0.8141124296655874,0.5081478342000257
0.85,0.625,1.0,0.08397545723407757,0.02098417735287747,0.0,0.0,1.0,0.8349457629989209,0.5081478342000257
0.85,0.6666666666666666,0.0,0.33628801317431345,0.08400098943291047,0.00029,0.0,0.18677,0.3386957629989207,0.5081478342000257
0.85,0.6666666666666666,0.041666666666666664,0.3256955465101558,0.08135544736405938,0.0001,0.0,0.21278,0.3595290963322541,0.5081478342000257
0.85,0.6666666666666666,0.08333333333333333,0.3151030798459981,0.07870990529520829,0.0,0.0,0.24234,0.3803624296655874,0.5081478342000257
0.85,0.6666666666666666,0.125,0.3045106131818405,0.0760643632263572,0.0,0.0,0.27611,0.4011957629989207,0.5081478342000257
0.85,0.6666666666666666,0.16666666666666666,0.2939181465176828,0.0734188211575061,0.0,0.0,0.31408,0.42202909633225405,0.5081478342000257
0.85,0.6666666666666666,0.20833333333333331,0.2833256798535251,0.07077327908865502,0.0,0.0,0.35692,0.4428624296655874,0.5081478342000257
0.85,0.6666666666666666,0.25,0.27273321318936744,0.06812773701980393,0.0,0.0,0.40287,0.4636957629989207,0.5081478342000257
0.85,0.6666666666666666,0.29166666666666663,0.26214074652520974,0.06548219495095284,0.0,0.0,0.45424,0.4845290963322541,0.5081478342000257
0.85,0.6666666666666666,0.3333333333333333,0.25154827986105205,0.06283665288210173,0.0,0.0,0.50979,0.5053624296655874,0.5081478342000257
0.85,0.6666666666666666,0.375,0.24095581319689438,0.06019111081325065,0.0,0.0,0.56858,0.5261957629989207,0.5081478342000257
0.85,0.6666666666666666,0.41666666666666663,0.23036334653273668,0.057545568744399554,0.0,0.0,0.628,0.547029096332254,0.5081478342000257
0.85,0.6666666666666666,0.4583333333333333,0.219770879868579,0.05490002667554847,0.0,0.0,0.68922,0.5678624296655874,0.5081478342000257
0.85,0.6666666666666666,0.5,0.20917841320442138,0.05225448460669737,0.0,0.0,0.74778,0.5886957629989207,0.5081478342000257
0.85,0.6666666666666666,0.5416666666666666,0.19858594654026362,0.04960894253784628,0.0,0.0,0.80169,0.6095290963322542,0.5081478342000257
0.85,0.6666666666666666,0.5833333333333333,0.18799347987610598,0.046963400468995206,0.0,0.0,0.8487,0.6303624296655873,0.5081478342000257
0.85,0.6666666666666666,0.625,0.17740101321194834,0.04431785840014411,0.0,0.0,0.88976,0.6511957629989207,0.5081478342000257
0.85,0.6666666666666666,0.6666666666666666,0.16680854654779065,0.04167231633129301,0.0,0.0,0.92409,0.6720290963322542,0.5081478342000257
0.85,0.6666666666666666,0.7083333333333333,0.15621607988363298,0.03902677426244193,0.0,0.0,0.95223,0.6928624296655873,0.5081478342000257
0.85,0.6666666666666666,0.75,0.14562361321947526,0.03638123219359083,0.0,0.0,0.97283,0.7136957629989207,0.5081478342000257
0.85,0.6666666666666666,0.7916666666666666,0.13503114655531756,0.03373569012473974,0.0,0.0,0.9865,0.7345290963322542,0.5081478342000257
0.85,0.6666666666666666,0.8333333333333333,0.12443867989115993,0.031090148055888653,0.0,0.0,0.99473,0.7553624296655873,0.5081478342000257
0.85,0.6666666666666666,0.875,0.11384621322700224,0.028444605987037557,0.0,0.0,0.99829,0.7761957629989207,0.5081478342000257
0.85,0.6666666666666666,0.9166666666666666,0.10325374656284456,0.02579906391818646,0.0,0.0,0.99964,0.7970290963322542,0.5081478342000257
0.85,0.6666666666666666,0.9583333333333333,0.09266127989868692,0.02315352184933538,0.0,0.0,1.0,0.8178624296655873,0.5081478342000257
0.85,0.6666666666666666,1.0,0.0820688132345292,0.020507979780484284,0.0,0.0,1.0,0.8386957629989207,0.5081478342000257
0.85,0.7083333333333333,0.0,0.3343813691747651,0.08352479186051728,0.00023,0.0,0.19127,0.34244576299892077,0.5081478342000257
0.85,0.7083333333333333,0.041666666666666664,0.32378890251060743,0.08087924979166618,8e-05,0.0,0.21782,0.363279096332254,0.5081478342000257
0.85,0.7083333333333333,0.08333333333333333,0.31319643584644974,0.07823370772281509,0.0,0.0,0.24809,0.3841124296655874,0.5081478342000257
0.85,0.7083333333333333,0.125,0.30260396918229204,0.075588165653964,0.0,0.0,0.28237,0.40494576299892077,0.5081478342000257
0.85,0.7083333333333333,0.16666666666666666,0.29201150251813435,0.0729426235851129,0.0,0.0,0.32142,0.42577909633225397,0.5081478342000257
0.85,0.7083333333333333,0.20833333333333331,0.28141903585397676,0.07029708151626182,0.0,0.0,0.36482,0.44661242966558734,0.5081478342000257
0.85,0.7083333333333333,0.25,0.270826569189819,0.06765153944741073,0.0,0.0,0.41139,0.46744576299892077,0.5081478342000257
0.85,0.7083333333333333,0.29166666666666663,0.26023410252566137,0.06500599737855964,0.0,0.0,0.46378,0.48827909633225397,0.5081478342000257
0.85,0.7083333333333333,0.3333333333333333,0.24964163586150367,0.06236045530970855,0.0,0.0,0.52063,0.5091124296655873,0.5081478342000257
0.85,0.7083333333333333,0.375,0.239049169197346,0.059714913240857447,0.0,0.0,0.57936,0.5299457629989207,0.5081478342000257
0.85,0.7083333333333333,0.41666666666666663,0.22845670253318828,0.05706937117200636,0.0,0.0,0.63941,0.550779096332254,0.5081478342000257
0.85,0.7083333333333333,0.4583333333333333,0.21786423586903067,0.054423829103155276,0.0,0.0,0.69984,0.5716124296655873,0.5081478342000257
0.85,0.7083333333333333,0.5,0.20727176920487297,0.05177828703430418,0.0,0.0,0.75796,0.5924457629989207,0.5081478342000257
0.85,0.7083333333333333,0.5416666666666666,0.19667930254071528,0.04913274496545308,0.0,0.0,0.81047,0.6132790963322541,0.5081478342000257
0.85,0.7083333333333333,0.5833333333333333,0.1860868358765576,0.04648720289660199,0.0,0.0,0.85639,0.6341124296655873,0.5081478342000257
0.85,0.7083333333333333,0.625,0.17549436921239991,0.0438416608277509,0.0,0.0,0.89676,0.6549457629989207,0.5081478342000257
0.85,0.7083333333333333,0.6666666666666666,0.16490190254824225,0.04119611875889981,0.0,0.0,0.92971,0.6757790963322541,0.5081478342000257
0.85,0.7083333333333333,0.7083333333333333,0.15430943588408455,0.03855057669004873,0.0,0.0,0.95625,0.6966124296655875,0.5081478342000257
0.85,0.7083333333333333,0.75,0.14371696921992688,0.03590503462119763,0.0,0.0,0.97583,0.7174457629989207,0.5081478342000257
0.85,0.7083333333333333,0.7916666666666666,0.1331245025557692,0.03325949255234654,0.0,0.0,0.98857,0.7382790963322541,0.5081478342000257
0.85,0.7083333333333333,0.8333333333333333,0.12253203589161155,0.030613950483495456,0.0,0.0,0.99564,0.7591124296655875,0.5081478342000257
0.85,0.7083333333333333,0.875,0.11193956922745385,0.02796840841464436,0.0,0.0,0.9987,0.7799457629989207,0.5081478342000257
0.85,0.7083333333333333,0.9166666666666666,0.10134710256329614,0.025322866345793265,0.0,0.0,0.9997,0.8007790963322541,0.5081478342000257
0.85,0.7083333333333333,0.9583333333333333,0.09075463589913851,0.02267732427694218,0.0,0.0,1.0,0.8216124296655875,0.5081478342000257
0.85,0.7083333333333333,1.0,0.0801621692349808,0.020031782208091084,0.0,0.0,1.0,0.8424457629989207,0.5081478342000257
0.85,0.75,0.0,0.33247472517521676,0.08304859428812408,0.0002,0.0,0.19603,0.3461957629989207,0.5081478342000257
0.85,0.75,0.041666666666666664,0.32188225851105906,0.08040305221927299,5e-05,0.0,0.22278,0.3670290963322541,0.5081478342000257
0.85,0.75,0.08333333333333333,0.31128979184690136,0.0777575101504219,0.0,0.0,0.25419,0.3878624296655874,0.5081478342000257
0.85,0.75,0.125,0.30069732518274367,0.07511196808157079,0.0,0.0,0.28888,0.40869576299892074,0.5081478342000257
0.85,0.75,0.16666666666666666,0.290104858518586,0.07246642601271971,0.0,0.0,0.32869,0.42952909633225406,0.5081478342000257
0.85,0.75,0.20833333333333331,0.27951239185442833,0.06982088394386862,0.0,0.0,0.37264,0.4503624296655874,0.5081478342000257
0.85,0.75,0.25,0.2689199251902706,0.06717534187501753,0.0,0.0,0.42022,0.47119576299892074,0.5081478342000257
0.85,0.75,0.29166666666666663,0.258327458526113,0.06452979980616645,0.0,0.0,0.47333,0.49202909633225406,0.5081478342000257
0.85,0.75,0.3333333333333333,0.2477349918619553,0.061884257737315346,0.0,0.0,0.53099,0.5128624296655874,0.5081478342000257
0.85,0.75,0.375,0.23714252519779758,0.05923871566846425,0.0,0.0,0.59043,0.5336957629989207,0.5081478342000257
0.85,0.75,0.41666666666666663,0.22655005853363994,0.056593173599613175,0.0,0.0,0.65073,0.554529096332254,0.5081478342000257
0.85,0.75,0.4583333333333333,0.21595759186948224,0.053947631530762076,0.0,0.0,0.71082,0.5753624296655874,0.5081478342000257
0.85,0.75,0.5,0.20536512520532452,0.05130208946191097,0.0,0.0,0.76775,0.5961957629989207,0.5081478342000257
0.85,0.75,0.5416666666666666,0.1947726585411669,0.0486565473930599,0.0,0.0,0.81926,0.617029096332254,0.5081478342000257
0.85,0.75,0.5833333333333333,0.1841801918770092,0.0460110053242088,0.0,0.0,0.8643,0.6378624296655874,0.5081478342000257
0.85,0.75,0.625,0.1735877252128515,0.0433654632553577,0.0,0.0,0.90341,0.6586957629989207,0.5081478342000257
0.85,0.75,0.6666666666666666,0.16299525854869387,0.040719921186506615,0.0,0.0,0.93492,0.679529096332254,0.5081478342000257
0.85,0.75,0.7083333333333333,0.15240279188453618,0.03807437911765552,0.0,0.0,0.96006,0.7003624296655873,0.5081478342000257
0.85,0.75,0.75,0.14181032522037848,0.035428837048804424,0.0,0.0,0.97845,0.7211957629989207,0.5081478342000257
0.85,0.75,0.7916666666666666,0.13121785855622084,0.03278329497995335,0.0,0.0,0.99007,0.7420290963322541,0.5081478342000257
0.85,0.75,0.8333333333333333,0.12062539189206314,0.030137752911102253,0.0,0.0,0.99632,0.7628624296655873,0.5081478342000257
0.85,0.75,0.875,0.11003292522790545,0.02749221084225115,0.0,0.0,0.99894,0.7836957629989207,0.5081478342000257
0.85,0.75,0.9166666666666666,0.0994404585637478,0.024846668773400075,0.0,0.0,0.99982,0.8045290963322541,0.5081478342000257
0.85,0.75,0.9583333333333333,0.08884799189959011,0.02220112670454898,0.0,0.0,1.0,0.8253624296655873,0.5081478342000257
0.85,0.75,1.0,0.07825552523543242,0.019555584635697884,0.0,0.0,1.0,0.8461957629989207,0.5081478342000257
0.85,0.7916666666666666,0.0,0.3305680811756683,0.08257239671573087,0.00016,0.0,0.20076,0.3499457629989208,0.5081478342000257
0.85,0.7916666666666666,0.041666666666666664,0.31997561451151063,0.07992685464687978,2e-05,0.0,0.22813,0.37077909633225414,0.5081478342000257
0.85,0.7916666666666666,0.08333333333333333,0.30938314784735294,0.0772813125780287,0.0,0.0,0.26035,0.3916124296655874,0.5081478342000257
0.85,0.7916666666666666,0.125,0.29879068118319524,0.07463577050917759,0.0,0.0,0.29563,0.41244576299892083,0.5081478342000257
0.85,0.7916666666666666,0.16666666666666666,0.2881982145190376,0.07199022844032651,0.0,0.0,0.33707,0.43327909633225414,0.5081478342000257
0.85,0.7916666666666666,0.20833333333333331,0.2776057478548799,0.06934468637147542,0.0,0.0,0.38076,0.4541124296655874,0.5081478342000257
0.85,0.7916666666666666,0.25,0.2670132811907222,0.06669914430262433,0.0,0.0,0.42985,0.47494576299892083,0.5081478342000257
0.85,0.7916666666666666,0.29166666666666663,0.25642081452656457,0.06405360223377324,0.0,0.0,0.48313,0.49577909633225403,0.5081478342000257
0.85,0.7916666666666666,0.3333333333333333,0.24582834786240687,0.06140806016492215,0.0,0.0,0.54176,0.5166124296655874,0.5081478342000257
0.85,0.7916666666666666,0.375,0.2352358811982492,0.058762518096071054,0.0,0.0,0.60135,0.5374457629989209,0.5081478342000257
0.85,0.7916666666666666,0.41666666666666663,0.22464341453409156,0.05611697602721997,0.0,0.0,0.66159,0.558279096332254,0.5081478342000257
0.85,0.7916666666666666,0.4583333333333333,0.21405094786993384,0.05347143395836887,0.0,0.0,0.72155,0.5791124296655874,0.5081478342000257
0.85,0.7916666666666666,0.5,0.20345848120577614,0.05082589188951778,0.0,0.0,0.7774,0.5999457629989209,0.5081478342000257
0.85,0.7916666666666666,0.5416666666666666,0.1928660145416185,0.0481803498206667,0.0,0.0,0.82747,0.620779096332254,0.5081478342000257
0.85,0.7916666666666666,0.5833333333333333,0.18227354787746083,0.0455348077518156,0.0,0.0,0.87184,0.6416124296655875,0.5081478342000257
0.85,0.7916666666666666,0.625,0.1716810812133031,0.04288926568296451,0.0,0.0,0.90987,0.6624457629989207,0.5081478342000257
0.85,0.7916666666666666,0.6666666666666666,0.1610886145491455,0.04024372361411342,0.0,0.0,0.94022,0.6832790963322541,0.5081478342000257
0.85,0.7916666666666666,0.7083333333333333,0.15049614788498777,0.03759818154526233,0.0,0.0,0.96396,0.7041124296655874,0.5081478342000257
0.85,0.7916666666666666,0.75,0.1399036812208301,0.03495263947641123,0.0,0.0,0.98098,0.7249457629989207,0.5081478342000257
0.85,0.7916666666666666,0.7916666666666666,0.12931121455667247,0.03230709740756015,0.0,0.0,0.99161,0.7457790963322541,0.5081478342000257
0.85,0.7916666666666666,0.8333333333333333,0.11871874789251474,0.02966155533870905,0.0,0.0,0.99702,0.7666124296655874,0.5081478342000257
0.85,0.7916666666666666,0.875,0.10812628122835703,0.027016013269857957,0.0,0.0,0.99914,0.7874457629989209,0.5081478342000257
0.85,0.7916666666666666,0.9166666666666666,0.0975338145641994,0.024370471201006872,0.0,0.0,0.9999,0.8082790963322541,0.5081478342000257
0.85,0.7916666666666666,0.9583333333333333,0.08694134790004171,0.021724929132155776,0.0,0.0,1.0,0.8291124296655874,0.5081478342000257
0.85,0.7916666666666666,1.0,0.07634888123588401,0.01907938706330468,0.0,0.0,1.0,0.8499457629989209,0.5081478342000257
0.85,0.8333333333333333,0.0,0.32866143717611995,0.08209619914333767,0.00013,0.0,0.20539,0.35369576299892086,0.5081478342000257
0.85,0.8333333333333333,0.041666666666666664,0.31806897051196226,0.07945065707448659,2e-05,0.0,0.23357,0.3745290963322541,0.5081478342000257
0.85,0.8333333333333333,0.08333333333333333,0.30747650384780456,0.0768051150056355,0.0,0.0,0.26619,0.3953624296655874,0.5081478342000257
0.85,0.8333333333333333,0.125,0.29688403718364687,0.07415957293678441,0.0,0.0,0.30299,0.41619576299892075,0.5081478342000257
0.85,0.8333333333333333,0.16666666666666666,0.2862915705194892,0.07151403086793331,0.0,0.0,0.34497,0.4370290963322541,0.5081478342000257
0.85,0.8333333333333333,0.20833333333333331,0.27569910385533153,0.06886848879908222,0.0,0.0,0.38964,0.4578624296655874,0.5081478342000257
0.85,0.8333333333333333,0.25,0.26510663719117383,0.06622294673023113,0.0,0.0,0.43952,0.47869576299892086,0.5081478342000257
0.85,0.8333333333333333,0.29166666666666663,0.2545141705270162,0.06357740466138004,0.0,0.0,0.49323,0.4995290963322541,0.5081478342000257
0.85,0.8333333333333333,0.3333333333333333,0.2439217038628585,0.06093186259252894,0.0,0.0,0.55199,0.5203624296655874,0.5081478342000257
0.85,0.8333333333333333,0.375,0.23332923719870083,0.05828632052367786,0.0,0.0,0.61157,0.5411957629989208,0.5081478342000257
0.85,0.8333333333333333,0.41666666666666663,0.2227367705345432,0.05564077845482676,0.0,0.0,0.67262,0.5620290963322542,0.5081478342000257
0.85,0.8333333333333333,0.4583333333333333,0.2121443038703855,0.052995236385975676,0.0,0.0,0.73169,0.5828624296655874,0.5081478342000257
0.85,0.8333333333333333,0.5,0.2015518372062277,0.05034969431712458,0.0,0.0,0.78713,0.6036957629989208,0.5081478342000257
0.85,0.8333333333333333,0.5416666666666666,0.1909593705420701,0.04770415224827349,0.0,0.0,0.83636,0.6245290963322542,0.5081478342000257
0.85,0.8333333333333333,0.5833333333333333,0.1803669038779125,0.04505861017942241,0.0,0.0,0.87907,0.6453624296655873,0.5081478342000257
0.85,0.8333333333333333,0.625,0.1697744372137547,0.0424130681105713,0.0,0.0,0.91553,0.6661957629989207,0.5081478342000257
0.85,0.8333333333333333,0.6666666666666666,0.15918197054959707,0.03976752604172022,0.0,0.0,0.94498,0.6870290963322542,0.5081478342000257
0.85,0.8333333333333333,0.7083333333333333,0.14858950388543946,0.03712198397286914,0.0,0.0,0.9674,0.7078624296655872,0.5081478342000257
0.85,0.8333333333333333,0.75,0.13799703722128168,0.03447644190401803,0.0,0.0,0.9832,0.7286957629989207,0.5081478342000257
0.85,0.8333333333333333,0.7916666666666666,0.12740457055712406,0.031830899835166945,0.0,0.0,0.99289,0.7495290963322542,0.5081478342000257
0.85,0.8333333333333333,0.8333333333333333,0.11681210389296641,0.029185357766315864,0.0,0.0,0.99754,0.7703624296655872,0.5081478342000257
0.85,0.8333333333333333,0.875,0.10621963722880866,0.026539815697464754,0.0,0.0,0.99938,0.7911957629989207,0.5081478342000257
0.85,0.8333333333333333,0.9166666666666666,0.09562717056465102,0.023894273628613672,0.0,0.0,0.99995,0.8120290963322542,0.5081478342000257
0.85,0.8333333333333333,0.9583333333333333,0.08503470390049336,0.02124873155976259,0.0,0.0,1.0,0.8328624296655872,0.5081478342000257
0.85,0.8333333333333333,1.0,0.07444223723633563,0.01860318949091148,0.0,0.0,1.0,0.8536957629989207,0.5081478342000257
0.85,0.875,0.0,0.3267547931765715,0.08162000157094448,0.0001,0.0,0.21002,0.35744576299892067,0.5081478342000257
0.85,0.875,0.041666666666666664,0.3161623265124139,0.07897445950209339,0.0,0.0,0.23925,0.37827909633225404,0.5081478342000257
0.85,0.875,0.08333333333333333,0.3055698598482562,0.0763289174332423,0.0,0.0,0.27258,0.3991124296655874,0.5081478342000257
0.85,0.875,0.125,0.29497739318409855,0.07368337536439121,0.0,0.0,0.31001,0.41994576299892067,0.5081478342000257
0.85,0.875,0.16666666666666666,0.28438492651994085,0.07103783329554013,0.0,0.0,0.35269,0.44077909633225404,0.5081478342000257
0.85,0.875,0.20833333333333331,0.27379245985578315,0.06839229122668904,0.0,0.0,0.39775,0.4616124296655874,0.5081478342000257
0.85,0.875,0.25,0.2631999931916255,0.06574674915783793,0.0,0.0,0.44901,0.48244576299892067,0.5081478342000257
0.85,0.875,0.29166666666666663,0.2526075265274678,0.06310120708898685,0.0,0.0,0.50392,0.5032790963322541,0.5081478342000257
0.85,0.875,0.3333333333333333,0.24201505986331015,0.06045566502013576,0.0,0.0,0.5627,0.5241124296655874,0.5081478342000257
0.85,0.875,0.375,0.23142259319915243,0.05781012295128467,0.0,0.0,0.62205,0.5449457629989207,0.5081478342000257
0.85,0.875,0.41666666666666663,0.2208301265349948,0.05516458088243358,0.0,0.0,0.68341,0.5657790963322541,0.5081478342000257
0.85,0.875,0.4583333333333333,0.2102376598708371,0.05251903881358248,0.0,0.0,0.74174,0.5866124296655874,0.5081478342000257
0.85,0.875,0.5,0.1996451932066794,0.04987349674473139,0.0,0.0,0.79653,0.6074457629989207,0.5081478342000257
0.85,0.875,0.5416666666666666,0.18905272654252178,0.04722795467588031,0.0,0.0,0.84448,0.6282790963322541,0.5081478342000257
0.85,0.875,0.5833333333333333,0.17846025987836409,0.04458241260702922,0.0,0.0,0.88587,0.6491124296655874,0.5081478342000257
0.85,0.875,0.625,0.1678677932142064,0.04193687053817812,0.0,0.0,0.92106,0.6699457629989207,0.5081478342000257
0.85,0.875,0.6666666666666666,0.15727532655004875,0.039291328469327036,0.0,0.0,0.94981,0.6907790963322541,0.5081478342000257
0.85,0.875,0.7083333333333333,0.14668285988589105,0.036645786400475944,0.0,0.0,0.97078,0.7116124296655872,0.5081478342000257
0.85,0.875,0.75,0.13609039322173333,0.034000244331624845,0.0,0.0,0.98535,0.7324457629989207,0.5081478342000257
0.85,0.875,0.7916666666666666,0.1254979265575757,0.03135470226277376,0.0,0.0,0.99408,0.753279096332254,0.5081478342000257
0.85,0.875,0.8333333333333333,0.11490545989341801,0.028709160193922664,0.0,0.0,0.99802,0.7741124296655872,0.5081478342000257
0.85,0.875,0.875,0.10431299322926033,0.02606361812507157,0.0,0.0,0.99962,0.7949457629989208,0.5081478342000257
0.85,0.875,0.9166666666666666,0.09372052656510269,0.02341807605622049,0.0,0.0,1.0,0.815779096332254,0.5081478342000257
0.85,0.875,0.9583333333333333,0.08312805990094498,0.020772533987369387,0.0,0.0,1.0,0.8366124296655872,0.5081478342000257
0.85,0.875,1.0,0.07253559323678728,0.018126991918518295,0.0,0.0,1.0,0.8574457629989208,0.5081478342000257
0.85,0.9166666666666666,0.0,0.3248481491770232,0.0811438039985513,0.0001,0.0,0.21492,0.3611957629989207,0.5081478342000257
0.85,0.9166666666666666,0.041666666666666664,0.3142556825128655,0.0784982619297002,0.0,0.0,0.24497,0.38202909633225396,0.5081478342000257
0.85,0.9166666666666666,0.08333333333333333,0.30366321584870787,0.0758527198608491,0.0,0.0,0.27892,0.4028624296655874,0.5081478342000257
0.85,0.9166666666666666,0.125,0.29307074918455017,0.07320717779199802,0.0,0.0,0.31711,0.4236957629989207,0.5081478342000257
0.85,0.9166666666666666,0.16666666666666666,0.2824782825203925,0.07056163572314694,0.0,0.0,0.36036,0.44452909633225396,0.5081478342000257
0.85,0.9166666666666666,0.20833333333333331,0.2718858158562348,0.06791609365429584,0.0,0.0,0.40667,0.4653624296655874,0.5081478342000257
0.85,0.9166666666666666,0.25,0.2612933491920771,0.06527055158544473,0.0,0.0,0.45838,0.4861957629989207,0.5081478342000257
0.85,0.9166666666666666,0.29166666666666663,0.25070088252791944,0.06262500951659365,0.0,0.0,0.51476,0.507029096332254,0.5081478342000257
0.85,0.9166666666666666,0.3333333333333333,0.24010841586376172,0.05997946744774255,0.0,0.0,0.57338,0.5278624296655874,0.5081478342000257
0.85,0.9166666666666666,0.375,0.22951594919960408,0.057333925378891475,0.0,0.0,0.63308,0.5486957629989206,0.5081478342000257
0.85,0.9166666666666666,0.41666666666666663,0.2189234825354464,0.05468838331004038,0.0,0.0,0.69414,0.569529096332254,0.5081478342000257
0.85,0.9166666666666666,0.4583333333333333,0.2083310158712887,0.05204284124118929,0.0,0.0,0.75227,0.5903624296655874,0.5081478342000257
0.85,0.9166666666666666,0.5,0.19773854920713108,0.049397299172338205,0.0,0.0,0.80586,0.6111957629989206,0.5081478342000257
0.85,0.9166666666666666,0.5416666666666666,0.18714608254297338,0.046751757103487106,0.0,0.0,0.8523,0.632029096332254,0.5081478342000257
0.85,0.9166666666666666,0.5833333333333333,0.17655361587881568,0.04410621503463601,0.0,0.0,0.89317,0.6528624296655874,0.5081478342000257
0.85,0.9166666666666666,0.625,0.16596114921465804,0.041460672965784935,0.0,0.0,0.92642,0.6736957629989206,0.5081478342000257
0.85,0.9166666666666666,0.6666666666666666,0.15536868255050035,0.038815130896933836,0.0,0.0,0.95407,0.694529096332254,0.5081478342000257
0.85,0.9166666666666666,0.7083333333333333,0.14477621588634265,0.03616958882808274,0.0,0.0,0.97427,0.7153624296655873,0.5081478342000257
0.85,0.9166666666666666,0.75,0.13418374922218498,0.03352404675923166,0.0,0.0,0.98745,0.7361957629989206,0.5081478342000257
0.85,0.9166666666666666,0.7916666666666666,0.1235912825580273,0.03087850469038056,0.0,0.0,0.99512,0.757029096332254,0.5081478342000257
0.85,0.9166666666666666,0.8333333333333333,0.11299881589386962,0.028232962621529467,0.0,0.0,0.99847,0.7778624296655873,0.5081478342000257
0.85,0.9166666666666666,0.875,0.10240634922971198,0.025587420552678385,0.0,0.0,0.99966,0.7986957629989206,0.5081478342000257
0.85,0.9166666666666666,0.9166666666666666,0.09181388256555427,0.022941878483827286,0.0,0.0,1.0,0.819529096332254,0.5081478342000257
0.85,0.9166666666666666,0.9583333333333333,0.08122141590139657,0.020296336414976194,0.0,0.0,1.0,0.8403624296655873,0.5081478342000257
0.85,0.9166666666666666,1.0,0.07062894923723893,0.01765079434612511,0.0,0.0,1.0,0.8611957629989206,0.5081478342000257
0.85,0.9583333333333333,0.0,0.32294150517747483,0.08066760642615808,6e-05,0.0,0.22009,0.3649457629989208,0.5081478342000257
0.85,0.9583333333333333,0.041666666666666664,0.3123490385133171,0.078022064357307,0.0,0.0,0.25077,0.3857790963322541,0.5081478342000257
0.85,0.9583333333333333,0.08333333333333333,0.3017565718491594,0.07537652228845591,0.0,0.0,0.28524,0.4066124296655874,0.5081478342000257
0.85,0.9583333333333333,0.125,0.29116410518500174,0.07273098021960482,0.0,0.0,0.32468,0.4274457629989208,0.5081478342000257
0.85,0.9583333333333333,0.16666666666666666,0.2805716385208441,0.07008543815075373,0.0,0.0,0.36827,0.4482790963322541,0.5081478342000257
0.85,0.9583333333333333,0.20833333333333331,0.26997917185668635,0.06743989608190264,0.0,0.0,0.4151,0.4691124296655874,0.5081478342000257
0.85,0.9583333333333333,0.25,0.2593867051925287,0.06479435401305154,0.0,0.0,0.46802,0.4899457629989208,0.5081478342000257
0.85,0.9583333333333333,0.29166666666666663,0.24879423852837107,0.06214881194420046,0.0,0.0,0.52526,0.5107790963322542,0.5081478342000257
0.85,0.9583333333333333,0.3333333333333333,0.23820177186421337,0.05950326987534936,0.0,0.0,0.5842,0.5316124296655874,0.5081478342000257
0.85,0.9583333333333333,0.375,0.22760930520005568,0.05685772780649827,0.0,0.0,0.64491,0.5524457629989208,0.5081478342000257
0.85,0.9583333333333333,0.41666666666666663,0.217016838535898,0.054212185737647176,0.0,0.0,0.70463,0.5732790963322542,0.5081478342000257
0.85,0.9583333333333333,0.4583333333333333,0.20642437187174034,0.0515666436687961,0.0,0.0,0.76214,0.5941124296655874,0.5081478342000257
0.85,0.9583333333333333,0.5,0.19583190520758265,0.048921101599944984,0.0,0.0,0.81451,0.6149457629989208,0.5081478342000257
0.85,0.9583333333333333,0.5416666666666666,0.18523943854342498,0.04627555953109391,0.0,0.0,0.85981,0.635779096332254,0.5081478342000257
0.85,0.9583333333333333,0.5833333333333333,0.17464697187926737,0.043630017462242834,0.0,0.0,0.89979,0.6566124296655873,0.5081478342000257
0.85,0.9583333333333333,0.625,0.16405450521510961,0.040984475393391714,0.0,0.0,0.93199,0.6774457629989208,0.5081478342000257
0.85,0.9583333333333333,0.6666666666666666,0.15346203855095195,0.038338933324540636,0.0,0.0,0.95802,0.6982790963322542,0.5081478342000257
0.85,0.9583333333333333,0.7083333333333333,0.1428695718867943,0.03569339125568955,0.0,0.0,0.977,0.7191124296655873,0.5081478342000257
0.85,0.9583333333333333,0.75,0.13227710522263655,0.033047849186838445,0.0,0.0,0.98924,0.7399457629989208,0.5081478342000257
0.85,0.9583333333333333,0.7916666666666666,0.12168463855847891,0.030402307117987356,0.0,0.0,0.99597,0.7607790963322542,0.5081478342000257
0.85,0.9583333333333333,0.8333333333333333,0.11109217189432126,0.027756765049136278,0.0,0.0,0.99884,0.7816124296655873,0.5081478342000257
0.85,0.9583333333333333,0.875,0.10049970523016351,0.02511122298028517,0.0,0.0,0.99978,0.8024457629989208,0.5081478342000257
0.85,0.9583333333333333,0.9166666666666666,0.08990723856600587,0.022465680911434083,0.0,0.0,1.0,0.8232790963322542,0.5081478342000257
0.85,0.9583333333333333,0.9583333333333333,0.07931477190184824,0.019820138842583004,0.0,0.0,1.0,0.8441124296655873,0.5081478342000257
0.85,0.9583333333333333,1.0,0.06872230523769048,0.017174596773731895,0.0,0.0,1.0,0.8649457629989208,0.5081478342000257
0.85,1.0,0.0,0.32103486117792635,0.0801914088537649,5e-05,0.0,0.22521,0.36869576299892076,0.5081478342000257
0.85,1.0,0.041666666666666664,0.31044239451376876,0.0775458667849138,0.0,0.0,0.25708,0.38952909633225413,0.5081478342000257
0.85,1.0,0.08333333333333333,0.29984992784961106,0.07490032471606271,0.0,0.0,0.29171,0.4103624296655874,0.5081478342000257
0.85,1.0,0.125,0.28925746118545337,0.07225478264721161,0.0,0.0,0.33247,0.43119576299892076,0.5081478342000257
0.85,1.0,0.16666666666666666,0.27866499452129573,0.06960924057836053,0.0,0.0,0.37591,0.45202909633225413,0.5081478342000257
0.85,1.0,0.20833333333333331,0.268072527857138,0.06696369850950944,0.0,0.0,0.42435,0.4728624296655874,0.5081478342000257
0.85,1.0,0.25,0.25748006119298034,0.06431815644065834,0.0,0.0,0.47738,0.49369576299892076,0.5081478342000257
0.85,1.0,0.29166666666666663,0.24688759452882267,0.06167261437180725,0.0,0.0,0.53575,0.5145290963322541,0.5081478342000257
0.85,1.0,0.3333333333333333,0.23629512786466497,0.05902707230295616,0.0,0.0,0.59542,0.5353624296655874,0.5081478342000257
0.85,1.0,0.375,0.22570266120050728,0.05638153023410507,0.0,0.0,0.65555,0.5561957629989208,0.5081478342000257
0.85,1.0,0.41666666666666663,0.21511019453634964,0.05373598816525398,0.0,0.0,0.71561,0.5770290963322541,0.5081478342000257
0.85,1.0,0.4583333333333333,0.20451772787219194,0.05109044609640288,0.0,0.0,0.77224,0.5978624296655874,0.5081478342000257
0.85,1.0,0.5,0.19392526120803427,0.048444904027551805,0.0,0.0,0.82288,0.6186957629989208,0.5081478342000257
0.85,1.0,0.5416666666666666,0.18333279454387655,0.04579936195870071,0.0,0.0,0.8678,0.6395290963322541,0.5081478342000257
0.85,1.0,0.5833333333333333,0.1727403278797189,0.04315381988984962,0.0,0.0,0.90645,0.6603624296655876,0.5081478342000257
0.85,1.0,0.625,0.16214786121556124,0.04050827782099853,0.0,0.0,0.93731,0.6811957629989207,0.5081478342000257
0.85,1.0,0.6666666666666666,0.15155539455140354,0.037862735752147436,0.0,0.0,0.96177,0.7020290963322541,0.5081478342000257
0.85,1.0,0.7083333333333333,0.14096292788724585,0.035217193683296344,0.0,0.0,0.9795,0.7228624296655876,0.5081478342000257
0.85,1.0,0.75,0.1303704612230882,0.03257165161444525,0.0,0.0,0.99069,0.7436957629989207,0.5081478342000257
0.85,1.0,0.7916666666666666,0.11977799455893051,0.029926109545594163,0.0,0.0,0.99668,0.7645290963322541,0.5081478342000257
0.85,1.0,0.8333333333333333,0.10918552789477282,0.027280567476743064,0.0,0.0,0.99901,0.7853624296655876,0.5081478342000257
0.85,1.0,0.875,0.09859306123061516,0.024635025407891982,0.0,0.0,0.99986,0.8061957629989207,0.5081478342000257
0.85,1.0,0.9166666666666666,0.08800059456645748,0.02198948333904089,0.0,0.0,1.0,0.8270290963322541,0.5081478342000257
0.85,1.0,0.9583333333333333,0.07740812790229978,0.01934394127018979,0.0,0.0,1.0,0.8478624296655876,0.5081478342000257
0.85,1.0,1.0,0.06681566123814213,0.01669839920133871,0.0,0.0,1.0,0.8686957629989207,0.5081478342000257
